Datetime,"Velocidad del viento","Dirección del viento",Temperatura,"Punto de rocío","Humedad relativa",Precipitación
"2023-08-01 12:25",2.09,55,26.22,-2.26,4,0
"2023-08-01 12:29",0,17,26.39,10.06,7,0
"2023-08-01 12:34",1.77,62,26.61,-1.77,4,0
"2023-08-01 12:39",1.77,33,26.11,9.69,7,0
"2023-08-01 12:44",2.9,103,26.39,18.17,10,0
"2023-08-01 12:49",1.77,81,26.61,6.94,6,0
"2023-08-01 12:54",0,226,27.39,3.96,5,0
"2023-08-01 13:04",0,293,29.28,10.37,6,0
"2023-08-01 13:09",4.99,227,28.5,0.56,4,0
"2023-08-01 13:14",1.77,222,27.5,4.1,5,0
"2023-08-01 13:19",1.77,291,28.39,9.23,6,0
"2023-08-01 13:24",0,49,28.89,16.38,8,0
"2023-08-01 13:29",0,34,28.72,5.64,5,0
"2023-08-01 13:34",0,14,28.28,9.08,6,0
"2023-08-01 13:39",0,230,28.89,16.38,8,0
"2023-08-01 13:44",2.57,318,29.61,10.8,6,0
"2023-08-01 13:49",0,315,29.5,6.62,5,0
"2023-08-01 13:54",1.77,320,30.11,7.39,5,0
"2023-08-01 14:04",2.09,82,30.11,14.93,7,0
"2023-08-01 14:09",0,323,31.22,19.48,8,0
"2023-08-01 14:14",3.54,56,30.89,8.37,5,0
"2023-08-01 14:19",0,49,30.61,18.67,8,0
"2023-08-01 14:24",0,73,30.89,15.95,7,0
"2023-08-01 14:29",0,154,31.11,12.73,6,0
"2023-08-01 14:34",0,47,32,17.4,7,0
"2023-08-01 14:39",0,310,31.5,13.23,6,0
"2023-08-01 14:44",0,322,31.39,13.08,6,0
"2023-08-01 14:49",0,322,31.22,16.38,7,0
"2023-08-01 14:54",0,347,30.78,12.3,6,0
"2023-08-01 14:59",0,309,30.22,11.58,6,0
"2023-08-01 15:04",0,311,29.89,14.64,7,0
"2023-08-01 15:09",0,315,30.22,11.58,6,0
"2023-08-01 15:14",0,309,29.78,14.5,7,0
"2023-08-01 15:19",0,304,29,13.48,7,0
"2023-08-01 15:24",0,297,28.61,12.97,7,0
"2023-08-01 15:29",0,343,28.22,15.5,8,0
"2023-08-01 15:34",0,309,28.11,15.35,8,0
"2023-08-01 15:39",0,297,27.89,15.05,8,0
"2023-08-01 15:44",0,62,27.72,11.81,7,0
"2023-08-01 15:49",0,25,27.72,11.81,7,0
"2023-08-01 15:54",0,333,27.61,14.68,8,0
"2023-08-01 16:04",0,15,27.11,16.71,9,0
"2023-08-01 16:09",0,32,27.11,14.02,8,0
"2023-08-01 16:14",0,37,27,13.87,8,0
"2023-08-01 16:19",0,5,26.72,16.19,9,0
"2023-08-01 16:24",0,352,26.61,16.04,9,0
"2023-08-01 16:29",0,157,26.39,13.06,8,0
"2023-08-01 16:34",0,154,26.72,10.49,7,0
"2023-08-01 16:39",0,48,26.78,16.26,9,0
"2023-08-01 16:44",2.09,146,26.89,18.85,10,0
"2023-08-01 16:49",0,62,26.61,13.35,8,0
"2023-08-01 16:54",0,34,26.39,18.17,10,0
"2023-08-01 17:04",0,275,26.28,18.02,10,0
"2023-08-01 17:09",1.77,130,26.28,18.02,10,0
"2023-08-01 17:14",2.09,9,26.28,20.24,11,0
"2023-08-01 17:19",2.57,28,26,19.86,11,0
"2023-08-01 17:24",4.35,36,25.89,17.49,10,0
"2023-08-01 17:29",2.57,9,25.72,21.51,12,0
"2023-08-01 17:34",3.22,43,25.22,16.58,10,0
"2023-08-01 17:39",0,62,25.22,18.78,11,0
"2023-08-01 17:44",0,59,24.89,18.32,11,0
"2023-08-01 17:49",1.77,26,24.72,18.09,11,0
"2023-08-01 17:54",4.02,60,24.78,18.17,11,0
"2023-08-01 17:59",4.02,52,24.78,15.97,10,0
"2023-08-01 18:04",1.77,33,24.72,18.09,11,0
"2023-08-01 18:09",2.57,56,24.39,17.63,11,0
"2023-08-01 18:14",3.54,18,24.28,17.48,11,0
"2023-08-01 18:19",2.09,174,24.11,19.26,12,0
"2023-08-01 18:24",0,25,23.39,16.25,11,0
"2023-08-01 18:29",2.09,72,22.72,15.32,11,0
"2023-08-01 18:34",0,89,22.11,21.67,15,0
"2023-08-01 18:39",3.54,58,21.72,19.49,14,0
"2023-08-01 18:44",2.57,67,21.72,17.77,13,0
"2023-08-01 18:49",2.09,83,21.89,19.73,14,0
"2023-08-01 18:54",0,142,21.72,21.11,15,0
"2023-08-01 19:04",0,117,21.78,19.57,14,0
"2023-08-01 19:09",0,122,21.5,20.79,15,0
"2023-08-01 19:14",3.22,77,21.11,23.19,17,0
"2023-08-01 19:19",3.22,55,21.11,18.62,14,0
"2023-08-01 19:24",3.54,65,21.22,17.06,13,0
"2023-08-01 19:29",4.02,59,21.5,19.18,14,0
"2023-08-01 19:34",0,50,21.22,21.91,16,0
"2023-08-01 19:39",0,113,20.78,21.27,16,0
"2023-08-01 19:44",0,15,20.78,19.75,15,0
"2023-08-01 19:49",1.77,16,20.78,21.27,16,0
"2023-08-01 19:54",3.22,63,20.78,19.75,15,0
"2023-08-01 20:04",1.77,66,20.89,21.43,16,0
"2023-08-01 20:09",2.57,63,20.78,21.27,16,0
"2023-08-01 20:14",2.57,59,20.61,23.82,18,0
"2023-08-01 20:19",2.57,60,20.39,19.2,15,0
"2023-08-01 20:24",3.54,63,20.22,18.96,15,0
"2023-08-01 20:29",0,27,20.22,20.46,16,0
"2023-08-01 20:34",2.9,15,20,21.57,17,0
"2023-08-01 20:44",3.22,69,19.89,22.76,18,0
"2023-08-01 20:49",4.02,37,20,22.92,18,0
"2023-08-01 20:54",2.09,79,19.78,26.28,21,0
"2023-08-01 21:04",2.9,69,19.72,25.02,20,0
"2023-08-01 21:09",4.35,65,19.5,24.69,20,0
"2023-08-01 21:14",2.9,41,19.28,20.51,17,0
"2023-08-01 21:19",2.9,114,19.28,20.51,17,0
"2023-08-01 21:24",2.9,64,19.11,18.85,16,0
"2023-08-01 21:29",4.35,33,19.39,20.68,17,0
"2023-08-01 21:34",4.02,49,19.39,20.68,17,0
"2023-08-01 21:39",3.54,59,19.61,22.35,18,0
"2023-08-01 21:44",2.57,48,19.72,19.74,16,0
"2023-08-01 21:49",4.67,42,19.61,16.48,14,0
"2023-08-01 21:54",3.22,69,20,21.57,17,0
"2023-08-01 22:04",0,79,19.78,22.59,18,0
"2023-08-01 22:09",0,102,19.61,18.08,15,0
"2023-08-01 22:14",3.22,55,19.5,19.42,16,0
"2023-08-01 22:19",1.77,98,19.5,17.92,15,0
"2023-08-01 22:24",1.77,132,19.39,19.26,16,0
"2023-08-01 22:29",0,89,19.28,16.01,14,0
"2023-08-01 22:34",2.9,38,18.89,23.78,20,0
"2023-08-01 22:39",3.22,62,18.72,23.54,20,0
"2023-08-01 22:44",1.77,71,18.61,19.54,17,0
"2023-08-01 22:49",2.57,56,18.5,16.48,15,0
"2023-08-01 22:54",1.77,323,18.39,24.2,21,0
"2023-08-01 23:04",1.77,59,18.28,19.05,17,0
"2023-08-01 23:14",2.57,72,18.11,17.41,16,0
"2023-08-01 23:19",3.54,60,18.28,20.39,18,0
"2023-08-01 23:24",4.02,62,18.28,20.39,18,0
"2023-08-01 23:29",4.67,53,18.61,20.88,18,0
"2023-08-01 23:34",6.44,57,18.72,18.29,16,0
"2023-08-01 23:39",4.35,56,18.78,16.88,15,0
"2023-08-01 23:44",6.12,59,19.11,17.36,15,0
"2023-08-01 23:49",2.9,65,18.89,17.04,15,0
"2023-08-01 23:54",2.57,74,18.61,24.54,21,0
"2023-08-02 00:04",3.22,72,18.61,22.16,19,0
"2023-08-02 00:09",2.09,73,18.78,18.37,16,0
"2023-08-02 00:14",3.54,60,18.78,18.37,16,0
"2023-08-02 00:19",3.54,50,18.89,17.04,15,0
"2023-08-02 00:24",3.22,52,18.72,21.04,18,0
"2023-08-02 00:29",4.35,59,18.72,19.7,17,0
"2023-08-02 00:34",2.57,52,18.89,18.53,16,0
"2023-08-02 00:39",3.22,57,18.89,24.95,21,0
"2023-08-02 00:44",0,57,18.72,21.04,18,0
"2023-08-02 00:49",3.22,36,18.5,19.38,17,0
"2023-08-02 00:54",4.02,29,18.61,22.16,19,0
"2023-08-02 01:04",2.57,76,18.5,21.99,19,0
"2023-08-02 01:09",3.54,81,18.39,17.81,16,0
"2023-08-02 01:14",3.54,68,19.39,16.17,14,0
"2023-08-02 01:19",4.99,60,18.89,21.29,18,0
"2023-08-02 01:24",4.99,49,19,20.11,17,0
"2023-08-02 01:29",4.99,57,18.78,21.13,18,0
"2023-08-02 01:34",3.22,56,18.61,23.37,20,0
"2023-08-02 01:39",4.67,60,18.61,22.16,19,0
"2023-08-02 01:44",6.12,62,18.61,20.88,18,0
"2023-08-02 01:49",2.57,80,18.61,22.16,19,0
"2023-08-02 01:54",2.09,64,18.5,21.99,19,0
"2023-08-02 01:59",2.57,49,18.39,25.32,22,0
"2023-08-02 02:04",2.57,36,18.61,23.37,20,0
"2023-08-02 02:09",2.57,74,18.89,21.29,18,0
"2023-08-02 02:14",4.02,54,19,21.45,18,0
"2023-08-02 02:19",3.22,49,19.11,20.27,17,0
"2023-08-02 02:24",0,66,18.89,22.57,19,0
"2023-08-02 02:29",4.99,78,18.5,20.72,18,0
"2023-08-02 02:34",3.54,42,18.72,21.04,18,0
"2023-08-02 02:39",6.44,63,18.39,20.55,18,0
"2023-08-02 02:44",3.54,49,18.5,20.72,18,0
"2023-08-02 02:49",4.35,57,18.39,20.55,18,0
"2023-08-02 02:54",2.57,71,18.61,22.16,19,0
"2023-08-02 03:04",5.47,62,18.72,23.54,20,0
"2023-08-02 03:09",2.09,56,18.61,22.16,19,0
"2023-08-02 03:14",3.54,46,18.39,24.2,21,0
"2023-08-02 03:19",4.99,60,18.5,21.99,19,0
"2023-08-02 03:24",2.9,61,18.61,23.37,20,0
"2023-08-02 03:29",3.54,66,18.72,19.7,17,0
"2023-08-02 03:34",3.54,63,18.61,25.65,22,0
"2023-08-02 03:39",2.57,42,18.78,18.37,16,0
"2023-08-02 03:44",3.54,58,18.89,19.95,17,0
"2023-08-02 03:49",3.22,51,18.89,19.95,17,0
"2023-08-02 03:54",2.9,59,18.72,18.29,16,0
"2023-08-02 04:04",1.77,69,18.5,17.97,16,0
"2023-08-02 04:09",3.54,55,18.61,24.54,21,0
"2023-08-02 04:14",4.99,58,18.78,18.37,16,0
"2023-08-02 04:19",4.99,58,18.61,20.88,18,0
"2023-08-02 04:24",5.79,60,18.5,20.72,18,0
"2023-08-02 04:29",4.02,63,18.61,23.37,20,0
"2023-08-02 04:34",3.22,76,18.22,23.95,21,0
"2023-08-02 04:39",2.9,55,18.11,21.42,19,0
"2023-08-02 04:44",4.02,83,18.39,23.04,20,0
"2023-08-02 04:49",6.92,61,18.39,20.55,18,0
"2023-08-02 04:54",4.35,63,18.61,22.16,19,0
"2023-08-02 05:04",4.35,73,18.39,20.55,18,0
"2023-08-02 05:09",2.9,65,18.39,19.22,17,0
"2023-08-02 05:14",3.22,60,18.22,21.58,19,0
"2023-08-02 05:19",2.9,56,18.11,21.42,19,0
"2023-08-02 05:24",2.9,61,18.11,26.99,24,0
"2023-08-02 05:29",0,76,17.89,19.82,18,0
"2023-08-02 05:34",4.67,65,17.89,21.09,19,0
"2023-08-02 05:39",3.22,64,18,25.8,23,0
"2023-08-02 05:44",5.47,81,18.22,18.97,17,0
"2023-08-02 05:49",4.02,70,18.39,19.22,17,0
"2023-08-02 05:54",4.35,44,18.72,16.8,15,0
"2023-08-02 06:04",2.9,55,18,19.98,18,0
"2023-08-02 06:09",2.9,60,17.89,23.46,21,0
"2023-08-02 06:14",2.09,38,17.78,20.92,19,0
"2023-08-02 06:19",3.22,51,18.11,18.81,17,0
"2023-08-02 06:24",4.67,44,18.39,19.22,17,0
"2023-08-02 06:29",3.22,64,18.39,23.04,20,0
"2023-08-02 06:34",3.22,59,17.89,25.63,23,0
"2023-08-02 06:39",2.57,33,17.72,23.21,21,0
"2023-08-02 06:44",3.54,53,18,17.24,16,0
"2023-08-02 06:49",3.54,49,18.22,18.97,17,0
"2023-08-02 06:54",2.9,58,18.28,17.65,16,0
"2023-08-02 07:04",2.09,71,18.22,22.79,20,0
"2023-08-02 07:09",3.22,59,18.22,22.79,20,0
"2023-08-02 07:14",3.54,67,18.11,21.42,19,0
"2023-08-02 07:19",3.22,69,18.11,23.79,21,0
"2023-08-02 07:24",3.54,52,18,18.65,17,0
"2023-08-02 07:29",4.02,66,18.22,20.31,18,0
"2023-08-02 07:34",4.99,78,18.11,18.81,17,0
"2023-08-02 07:39",2.9,67,18.28,20.39,18,0
"2023-08-02 07:44",3.22,36,18,18.65,17,0
"2023-08-02 07:49",4.02,53,18.22,20.31,18,0
"2023-08-02 07:54",2.57,44,18.39,16.32,15,0
"2023-08-02 08:04",6.12,61,18.78,15.29,14,0
"2023-08-02 08:09",0,7,18.78,15.29,14,0
"2023-08-02 08:14",2.9,61,18.5,19.38,17,0
"2023-08-02 08:19",2.9,50,18.28,17.65,16,0
"2023-08-02 08:24",2.09,88,18.28,12.9,13,0
"2023-08-02 08:29",3.22,75,18.11,18.81,17,0
"2023-08-02 08:34",0,101,18.61,15.06,14,0
"2023-08-02 08:39",2.57,66,18.28,22.88,20,0
"2023-08-02 08:44",4.67,59,18,18.65,17,0
"2023-08-02 08:49",2.57,62,18,25.8,23,0
"2023-08-02 08:54",3.22,74,18.22,20.31,18,0
"2023-08-02 09:04",4.35,57,19.89,13.36,12,0
"2023-08-02 09:09",5.47,52,20.11,15.49,13,0
"2023-08-02 09:14",4.67,66,19.5,19.42,16,0
"2023-08-02 09:19",4.99,70,19.89,21.41,17,0
"2023-08-02 09:24",1.77,76,20.72,21.19,16,0
"2023-08-02 09:29",2.57,61,21.78,19.57,14,0
"2023-08-02 09:34",2.57,46,21.78,14.01,11,0
"2023-08-02 09:39",4.02,59,21.28,17.14,13,0
"2023-08-02 09:44",2.57,52,21.61,23.91,17,0
"2023-08-02 09:49",2.9,51,21.11,20.23,15,0
"2023-08-02 09:54",0,38,22.22,21.83,15,0
"2023-08-02 09:59",0,76,23.22,19.89,13,0
"2023-08-02 10:04",2.57,76,23.72,18.72,12,0
"2023-08-02 10:09",0,110,22.78,15.4,11,0
"2023-08-02 10:14",0,76,22.22,14.63,11,0
"2023-08-02 10:19",0,37,22,18.16,13,0
"2023-08-02 10:24",0,60,21.89,19.73,14,0
"2023-08-02 10:29",0,61,21.89,24.32,17,0
"2023-08-02 10:34",0,46,21.89,21.35,15,0
"2023-08-02 10:39",0,145,22,16.31,12,0
"2023-08-02 10:44",2.57,55,22.22,20.2,14,0
"2023-08-02 10:49",0,267,22.22,14.63,11,0
"2023-08-02 10:54",0,9,22.22,18.48,13,0
"2023-08-02 11:04",0,15,22.5,12.85,10,0
"2023-08-02 11:09",0,50,22.78,13.23,10,0
"2023-08-02 11:14",0,356,22.89,19.42,13,0
"2023-08-02 11:19",2.9,343,23.11,15.86,11,0
"2023-08-02 11:24",3.54,67,23.5,16.4,11,0
"2023-08-02 11:29",2.9,68,23.61,20.44,13,0
"2023-08-02 11:34",2.57,59,23.72,18.72,12,0
"2023-08-02 11:39",0,55,24.22,12.81,9,0
"2023-08-02 11:44",2.09,85,25,16.27,10,0
"2023-08-02 11:49",1.77,77,24.89,13.71,9,0
"2023-08-02 11:54",1.77,160,25.28,20.89,12,0
"2023-08-02 11:59",0,107,25.5,16.96,10,0
"2023-08-02 12:04",0,329,26.28,22.29,12,0
"2023-08-02 12:09",0,309,27.5,23.99,12,0
"2023-08-02 12:15",0,5,27.39,14.39,8,0
"2023-08-02 12:20",0,322,27.11,14.02,8,0
"2023-08-02 12:24",0,297,27.5,11.51,7,0
"2023-08-02 12:30",0,104,28.28,25.07,12,0
"2023-08-02 12:35",2.57,272,29.11,16.68,8,0
"2023-08-02 12:39",0,328,29.39,19.78,9,0
"2023-08-02 12:44",0,352,29.22,19.56,9,0
"2023-08-02 12:49",0,309,29.61,24.83,11,0
"2023-08-02 12:54",0,297,29.78,22.79,10,0
"2023-08-02 13:04",0,6,30.72,26.36,11,0
"2023-08-02 13:09",0,322,30.22,20.9,9,0
"2023-08-02 13:14",0,32,30,20.6,9,0
"2023-08-02 13:19",1.77,8,30,17.86,8,0
"2023-08-02 13:24",0,349,30.28,20.98,9,0
"2023-08-02 13:29",0,329,30.78,21.65,9,0
"2023-08-02 13:34",0,293,31,19.18,8,0
"2023-08-02 13:39",0,315,31.11,22.1,9,0
"2023-08-02 13:44",1.77,274,31,21.95,9,0
"2023-08-02 13:49",0,303,30.28,20.98,9,0
"2023-08-02 13:54",0,322,31,24.45,10,0
"2023-08-02 14:04",0,315,32.22,20.8,8,0
"2023-08-02 14:09",0,322,31.72,22.92,9,0
"2023-08-02 14:14",0,306,31.11,19.33,8,0
"2023-08-02 14:19",0,168,30.22,18.15,8,0
"2023-08-02 14:24",0,306,31.22,19.48,8,0
"2023-08-02 14:29",0,326,30.89,19.04,8,0
"2023-08-02 14:34",4.35,266,30.61,18.67,8,0
"2023-08-02 14:39",0,309,30.28,18.23,8,0
"2023-08-02 14:44",1.77,324,30.28,20.98,9,0
"2023-08-02 14:49",0,220,31.22,19.48,8,0
"2023-08-02 14:54",0,297,31.72,20.14,8,0
"2023-08-02 15:04",0,224,32.5,23.96,9,0
"2023-08-02 15:09",0,309,32.11,23.44,9,0
"2023-08-02 15:14",0,328,31,21.95,9,0
"2023-08-02 15:19",0,333,29.61,22.56,10,0
"2023-08-02 15:24",0,304,28.39,20.9,10,0
"2023-08-02 15:29",0,333,27.78,22.31,11,0
"2023-08-02 15:34",0,333,27.39,21.77,11,0
"2023-08-02 15:39",0,15,27,23.29,12,0
"2023-08-02 15:44",0,351,26.5,20.55,11,0
"2023-08-02 15:49",0,32,26.11,22.06,12,0
"2023-08-02 15:54",0,15,25.89,21.75,12,0
"2023-08-02 16:04",0,24,25.28,20.89,12,0
"2023-08-02 16:09",0,32,25.22,20.82,12,0
"2023-08-02 16:14",0,32,25.11,20.66,12,0
"2023-08-02 16:19",0,0,25,24.15,14,0
"2023-08-02 16:24",0,37,24.78,22.08,13,0
"2023-08-02 16:34",0,205,24.39,17.63,11,0
"2023-08-02 16:39",0,163,24.39,17.63,11,0
"2023-08-02 16:44",0,224,24.28,19.5,12,0
"2023-08-02 16:49",0,164,24.22,17.4,11,0
"2023-08-02 16:54",0,326,24.22,15.21,10,0
"2023-08-02 17:04",2.9,164,24.11,19.26,12,0
"2023-08-02 17:09",0,145,23.89,20.83,13,0
"2023-08-02 17:14",0,145,23.5,20.28,13,0
"2023-08-02 17:19",0,234,23,19.57,13,0
"2023-08-02 17:24",0,205,22.78,21,14,0
"2023-08-02 17:29",0,135,22.78,19.26,13,0
"2023-08-02 17:34",0,44,22.72,20.92,14,0
"2023-08-02 17:39",0,144,22.5,18.87,13,0
"2023-08-02 17:44",0,62,22.39,20.44,14,0
"2023-08-02 17:49",0,121,22.22,20.2,14,0
"2023-08-02 17:54",0,30,21.89,19.73,14,0
"2023-08-02 18:04",4.35,59,21.61,22.47,16,0
"2023-08-02 18:09",3.22,47,21.5,25.12,18,0
"2023-08-02 18:14",0,37,21.22,23.35,17,0
"2023-08-02 18:19",0,37,21.11,21.75,16,0
"2023-08-02 18:24",0,128,21.11,21.75,16,0
"2023-08-02 18:29",0,76,21.11,20.23,15,0
"2023-08-02 18:39",2.09,65,20.78,22.7,17,0
"2023-08-02 18:44",0,66,20.61,17.91,14,0
"2023-08-02 18:49",2.9,63,20.61,22.46,17,0
"2023-08-02 18:54",0,67,20.39,19.2,15,0
"2023-08-02 19:04",0,129,20.28,19.04,15,0
"2023-08-02 19:09",0,107,20.22,18.96,15,0
"2023-08-02 19:14",2.57,74,20,22.92,18,0
"2023-08-02 19:19",0,37,19.89,21.41,17,0
"2023-08-02 19:24",2.57,57,19.78,22.59,18,0
"2023-08-02 19:29",3.54,56,19.89,18.48,15,0
"2023-08-02 19:34",3.22,64,19.78,22.59,18,0
"2023-08-02 19:39",1.77,48,19.61,21,17,0
"2023-08-02 19:44",0,50,19.28,17.6,15,0
"2023-08-02 19:49",2.57,73,19.22,24.28,20,0
"2023-08-02 19:54",2.57,73,19.28,24.36,20,0
"2023-08-02 19:59",1.77,72,19.28,19.1,16,0
"2023-08-02 20:04",0,51,19.28,17.6,15,0
"2023-08-02 20:09",3.22,34,19.22,20.43,17,0
"2023-08-02 20:14",3.22,60,19.28,25.53,21,0
"2023-08-02 20:19",4.67,72,19.22,24.28,20,0
"2023-08-02 20:24",2.57,64,19.11,20.27,17,0
"2023-08-02 20:29",3.22,55,19,26.24,22,0
"2023-08-02 20:34",4.02,62,19.11,20.27,17,0
"2023-08-02 20:39",3.22,60,19.11,25.28,21,0
"2023-08-02 20:44",3.22,56,19,26.24,22,0
"2023-08-02 20:49",3.54,61,18.89,23.78,20,0
"2023-08-02 20:54",4.02,61,19.11,22.89,19,0
"2023-08-02 21:04",1.77,61,19,20.11,17,0
"2023-08-02 21:09",2.57,50,18.78,28.01,24,0
"2023-08-02 21:14",2.09,73,18.61,25.65,22,0
"2023-08-02 21:19",4.67,55,18.78,21.13,18,0
"2023-08-02 21:24",2.57,43,18.72,23.54,20,0
"2023-08-02 21:29",4.02,48,18.78,26.97,23,0
"2023-08-02 21:34",4.35,60,18.72,25.82,22,0
"2023-08-02 21:39",2.57,64,18.61,30.63,27,0
"2023-08-02 21:44",2.57,64,18.61,26.72,23,0
"2023-08-02 21:49",2.09,58,18.5,26.55,23,0
"2023-08-02 21:54",4.35,57,18.72,25.82,22,0
"2023-08-02 22:04",4.67,63,18.72,25.82,22,0
"2023-08-02 22:09",0,38,18.72,23.54,20,0
"2023-08-02 22:14",2.9,72,18.5,21.99,19,0
"2023-08-02 22:19",2.09,73,18.5,25.48,22,0
"2023-08-02 22:24",4.02,44,18.72,24.7,21,0
"2023-08-02 22:29",3.22,66,18.78,25.9,22,0
"2023-08-02 22:34",4.02,67,19,23.95,20,0
"2023-08-02 22:39",4.02,58,19,23.95,20,0
"2023-08-02 22:44",4.99,77,19,22.73,19,0
"2023-08-02 22:49",4.02,69,19.11,25.28,21,0
"2023-08-02 22:54",4.35,70,19,21.45,18,0
"2023-08-02 23:04",4.35,65,18.72,23.54,20,0
"2023-08-02 23:09",3.22,61,18.72,21.04,18,0
"2023-08-02 23:14",4.35,57,18.78,23.62,20,0
"2023-08-02 23:19",4.02,53,18.78,22.4,19,0
"2023-08-02 23:24",3.54,58,19,22.73,19,0
"2023-08-02 23:29",2.9,71,18.89,24.95,21,0
"2023-08-02 23:34",2.09,79,18.5,21.99,19,0
"2023-08-02 23:39",4.67,57,18.5,23.21,20,0
"2023-08-02 23:44",3.54,64,18.5,20.72,18,0
"2023-08-02 23:49",2.57,56,18.78,19.78,17,0
"2023-08-02 23:54",4.35,62,19,20.11,17,0
"2023-08-02 23:59",3.22,68,18.78,23.62,20,0
"2023-08-03 00:04",2.9,65,18.61,19.54,17,0
"2023-08-03 00:09",3.54,62,18.61,20.88,18,0
"2023-08-03 00:14",3.54,41,18.78,21.13,18,0
"2023-08-03 00:19",1.77,69,19.39,20.68,17,0
"2023-08-03 00:24",3.22,79,18.89,21.29,18,0
"2023-08-03 00:29",3.54,67,19,21.45,18,0
"2023-08-03 00:34",3.22,59,18.72,21.04,18,0
"2023-08-03 00:39",4.35,64,19,17.2,15,0
"2023-08-03 00:44",4.99,71,18.78,19.78,17,0
"2023-08-03 00:49",3.54,66,18.89,22.57,19,0
"2023-08-03 00:54",3.22,58,18.72,22.32,19,0
"2023-08-03 01:04",4.67,58,18.72,18.29,16,0
"2023-08-03 01:09",4.02,54,18.72,18.29,16,0
"2023-08-03 01:14",4.67,52,18.89,21.29,18,0
"2023-08-03 01:19",2.09,76,18.89,22.57,19,0
"2023-08-03 01:24",2.57,78,18.72,24.7,21,0
"2023-08-03 01:29",2.9,56,18.78,19.78,17,0
"2023-08-03 01:34",1.77,84,18.89,21.29,18,0
"2023-08-03 01:39",3.22,70,18.61,18.13,16,0
"2023-08-03 01:44",2.9,76,18.78,25.9,22,0
"2023-08-03 01:49",0,44,18.5,25.48,22,0
"2023-08-03 01:54",4.67,64,18.39,25.32,22,0
"2023-08-03 02:04",4.02,58,18.11,24.9,22,0
"2023-08-03 02:09",4.35,64,18.22,22.79,20,0
"2023-08-03 02:14",4.35,69,18.22,27.16,24,0
"2023-08-03 02:19",2.9,41,18.22,17.57,16,0
"2023-08-03 02:24",3.54,49,18.39,19.22,17,0
"2023-08-03 02:29",0,89,18.22,22.79,20,0
"2023-08-03 02:34",1.77,40,18.11,21.42,19,0
"2023-08-03 02:39",1.77,58,18.22,20.31,18,0
"2023-08-03 02:44",4.67,57,18.78,21.13,18,0
"2023-08-03 02:54",5.79,80,19,20.11,17,0
"2023-08-03 02:59",5.47,73,18.89,17.04,15,0
"2023-08-03 03:04",5.47,57,18.78,18.37,16,0
"2023-08-03 03:09",3.22,51,18.39,21.83,19,0
"2023-08-03 03:14",2.9,76,18.28,21.66,19,0
"2023-08-03 03:19",3.22,61,18.22,21.58,19,0
"2023-08-03 03:24",3.22,49,18.39,20.55,18,0
"2023-08-03 03:34",2.57,26,18.61,22.16,19,0
"2023-08-03 03:39",4.02,62,19.11,24.11,20,0
"2023-08-03 03:44",3.22,39,18.78,23.62,20,0
"2023-08-03 03:49",2.57,75,18.61,19.54,17,0
"2023-08-03 03:54",4.67,45,18.5,21.99,19,0
"2023-08-03 04:04",4.02,57,18.39,21.83,19,0
"2023-08-03 04:09",0,50,18.5,21.99,19,0
"2023-08-03 04:14",4.35,52,18.61,20.88,18,0
"2023-08-03 04:19",0,66,18.39,20.55,18,0
"2023-08-03 04:24",5.47,50,18.39,19.22,17,0
"2023-08-03 04:29",2.9,37,18.5,23.21,20,0
"2023-08-03 04:34",0,336,18.39,21.83,19,0
"2023-08-03 04:39",4.35,68,18.28,20.39,18,0
"2023-08-03 04:44",2.9,73,18.5,19.38,17,0
"2023-08-03 04:49",1.77,74,18.28,17.65,16,0
"2023-08-03 04:54",2.57,64,18.11,23.79,21,0
"2023-08-03 05:04",3.22,52,18.22,23.95,21,0
"2023-08-03 05:09",2.9,37,18.22,27.16,24,0
"2023-08-03 05:14",2.9,52,18.11,23.79,21,0
"2023-08-03 05:19",3.22,60,18.28,21.66,19,0
"2023-08-03 05:24",2.9,68,18.22,20.31,18,0
"2023-08-03 05:29",4.35,56,18.22,22.79,20,0
"2023-08-03 05:34",4.35,57,18.11,24.9,22,0
"2023-08-03 05:39",2.57,62,18,23.62,21,0
"2023-08-03 05:44",2.57,53,17.78,20.92,19,0
"2023-08-03 05:49",2.9,77,17.72,19.57,18,0
"2023-08-03 05:54",3.22,57,17.72,22.05,20,0
"2023-08-03 06:04",4.02,58,18,19.98,18,0
"2023-08-03 06:09",4.35,63,18.22,18.97,17,0
"2023-08-03 06:14",4.67,56,18,21.25,19,0
"2023-08-03 06:19",3.54,59,17.78,20.92,19,0
"2023-08-03 06:24",2.9,63,17.78,19.66,18,0
"2023-08-03 06:29",2.57,55,17.78,20.92,19,0
"2023-08-03 06:34",0,36,17.72,16.84,16,0
"2023-08-03 06:39",3.22,45,18,22.46,20,0
"2023-08-03 06:44",3.22,69,18,21.25,19,0
"2023-08-03 06:49",4.35,63,17.78,22.13,20,0
"2023-08-03 06:54",3.22,53,17.78,22.13,20,0
"2023-08-03 06:59",4.02,53,18,21.25,19,0
"2023-08-03 07:04",3.54,54,18,19.98,18,0
"2023-08-03 07:09",3.22,64,17.78,19.66,18,0
"2023-08-03 07:14",0,42,17.78,18.32,17,0
"2023-08-03 07:19",2.09,66,17.78,16.92,16,0
"2023-08-03 07:24",3.22,46,17.89,25.63,23,0
"2023-08-03 07:29",2.57,60,17.5,22.87,21,0
"2023-08-03 07:34",2.57,88,17.61,18.08,17,0
"2023-08-03 07:39",2.57,55,18.22,18.97,17,0
"2023-08-03 07:44",3.54,55,18,18.65,17,0
"2023-08-03 07:49",0,52,17.72,20.84,19,0
"2023-08-03 07:54",1.77,47,17.39,19.08,18,0
"2023-08-03 08:04",3.54,84,17.61,20.68,19,0
"2023-08-03 08:09",3.54,55,17.39,23.81,22,0
"2023-08-03 08:14",4.99,66,17.61,20.68,19,0
"2023-08-03 08:19",3.54,80,17.89,21.09,19,0
"2023-08-03 08:24",3.54,73,17.61,27.22,25,0
"2023-08-03 08:29",3.22,54,17.5,26.07,24,0
"2023-08-03 08:34",2.57,58,17.61,25.21,23,0
"2023-08-03 08:39",1.77,62,17.5,28.92,27,0
"2023-08-03 08:44",2.57,97,17.61,16.68,16,0
"2023-08-03 08:49",2.09,47,17.72,26.4,24,0
"2023-08-03 08:54",4.67,66,18,19.98,18,0
"2023-08-03 09:04",4.35,55,19.89,19.98,16,0
"2023-08-03 09:09",5.79,75,19.72,18.24,15,0
"2023-08-03 09:14",3.54,64,19.22,25.45,21,0
"2023-08-03 09:19",1.77,61,19.5,20.84,17,0
"2023-08-03 09:24",0,49,20.5,17.75,14,0
"2023-08-03 09:29",3.22,51,22.22,21.83,15,0
"2023-08-03 09:34",3.22,60,20.72,19.67,15,0
"2023-08-03 09:39",3.54,43,20.39,22.13,17,0
"2023-08-03 09:44",5.79,63,20.39,23.49,18,0
"2023-08-03 09:49",5.47,55,20.5,24.94,19,0
"2023-08-03 09:54",3.54,63,21.72,19.49,14,0
"2023-08-03 09:59",1.77,80,22.28,18.55,13,0
"2023-08-03 10:04",0,63,23.22,27.64,18,0
"2023-08-03 10:09",0,22,23,22.94,15,0
"2023-08-03 10:14",0,89,22.5,17.01,12,0
"2023-08-03 10:19",1.77,63,21.72,17.77,13,0
"2023-08-03 10:24",0,32,21.5,20.79,15,0
"2023-08-03 10:29",0,110,21.39,19.02,14,0
"2023-08-03 10:34",1.77,46,21.39,22.15,16,0
"2023-08-03 10:39",0,77,21.39,20.63,15,0
"2023-08-03 10:44",1.77,73,21.5,15.61,12,0
"2023-08-03 10:49",2.57,204,21.72,15.92,12,0
"2023-08-03 10:54",0,151,21.78,16,12,0
"2023-08-03 11:04",0,157,21.89,18.01,13,0
"2023-08-03 11:09",0,218,22,18.16,13,0
"2023-08-03 11:14",0,260,22.22,18.48,13,0
"2023-08-03 11:19",0,219,22.5,17.01,12,0
"2023-08-03 11:24",1.77,54,22.5,23.76,16,0
"2023-08-03 11:29",0,46,22.61,25.37,17,0
"2023-08-03 11:34",0,25,22.78,21,14,0
"2023-08-03 11:39",0,337,23.78,18.8,12,0
"2023-08-03 11:44",2.09,241,24.61,17.94,11,0
"2023-08-03 11:49",1.77,38,25.22,18.78,11,0
"2023-08-03 11:54",0,32,25.78,19.55,11,0
"2023-08-03 12:04",0,89,26.72,20.85,11,0
"2023-08-03 12:09",0,321,27.28,21.62,11,0
"2023-08-03 12:14",0,287,26.72,18.62,10,0
"2023-08-03 12:19",0,293,26.89,21.08,11,0
"2023-08-03 12:24",3.22,228,27.89,17.76,9,0
"2023-08-03 12:29",0,299,27.61,22.08,11,0
"2023-08-03 12:34",0,336,26.89,23.14,12,0
"2023-08-03 12:40",0,269,27.61,19.84,10,0
"2023-08-03 12:45",2.09,312,28.11,22.77,11,0
"2023-08-03 12:50",0,303,29.28,26.46,12,0
"2023-08-03 12:54",0,55,29.78,22.79,10,0
"2023-08-03 13:04",2.09,148,28.61,18.74,9,0
"2023-08-03 13:09",0,282,29.11,21.88,10,0
"2023-08-03 13:14",0,33,29.61,22.56,10,0
"2023-08-03 13:19",0,6,29.72,22.71,10,0
"2023-08-03 13:24",0,307,29.72,22.71,10,0
"2023-08-03 13:29",1.77,288,29.61,24.83,11,0
"2023-08-03 13:34",0,18,29.61,22.56,10,0
"2023-08-03 13:39",0,313,29.78,27.16,12,0
"2023-08-03 13:44",0,347,29.89,25.22,11,0
"2023-08-03 13:49",1.77,1,29.78,29.11,13,0
"2023-08-03 13:54",0,343,28.78,25.77,12,0
"2023-08-03 14:04",0,321,29.61,24.83,11,0
"2023-08-03 14:09",0,317,29.22,26.39,12,0
"2023-08-03 14:14",0,309,29.61,26.93,12,0
"2023-08-03 14:19",0,333,30,23.09,10,0
"2023-08-03 14:24",0,348,29.72,24.99,11,0
"2023-08-03 14:29",0,300,30.28,25.75,11,0
"2023-08-03 14:34",0,329,30.11,25.52,11,0
"2023-08-03 14:39",0,345,29.22,24.3,11,0
"2023-08-03 14:44",0,333,29.22,26.39,12,0
"2023-08-03 14:49",0,333,29.39,26.62,12,0
"2023-08-03 14:54",0,309,29.11,26.23,12,0
"2023-08-03 15:04",0,312,29.89,27.31,12,0
"2023-08-03 15:09",0,40,29.39,26.62,12,0
"2023-08-03 15:14",0,329,28.5,25.38,12,0
"2023-08-03 15:19",0,321,27.22,25.52,13,0
"2023-08-03 15:23",0,298,26.28,25.97,14,0
"2023-08-03 15:29",0,10,25.78,28.49,16,0
"2023-08-03 15:34",0,0,25.39,27.93,16,0
"2023-08-03 15:39",0,359,25.28,26.21,15,0
"2023-08-03 15:44",0,352,25.11,24.31,14,0
"2023-08-03 15:49",0,343,25,25.81,15,0
"2023-08-03 15:54",0,55,25,25.81,15,0
"2023-08-03 16:04",0,17,24.61,25.25,15,0
"2023-08-03 16:09",0,315,24.5,26.65,16,0
"2023-08-03 16:14",0,326,24.22,26.24,16,0
"2023-08-03 16:19",0,23,24.11,26.08,16,0
"2023-08-03 16:24",0,55,24,27.39,17,0
"2023-08-03 16:29",0,25,23.72,26.98,17,0
"2023-08-03 16:34",0,89,23.72,25.52,16,0
"2023-08-03 16:39",0,42,23.72,26.98,17,0
"2023-08-03 16:44",0,25,23.5,26.66,17,0
"2023-08-03 16:49",0,45,23.28,27.72,18,0
"2023-08-03 16:54",0,6,22.89,25.77,17,0
"2023-08-03 17:04",0,296,22.28,27.57,19,0
"2023-08-03 17:09",0,233,22,24.48,17,0
"2023-08-03 17:14",0,230,21.78,24.16,17,0
"2023-08-03 17:19",0,216,21.89,24.32,17,0
"2023-08-03 17:24",1.77,34,21.72,27.99,20,0
"2023-08-03 17:29",0,217,21.39,27.5,20,0
"2023-08-03 17:34",0,74,21.39,26.26,19,0
"2023-08-03 17:39",3.22,71,21.22,26.01,19,0
"2023-08-03 17:44",1.77,49,21.11,27.08,20,0
"2023-08-03 17:49",0,76,20.89,31.21,24,0
"2023-08-03 17:54",0,43,20.78,31.04,24,0
"2023-08-03 18:04",0,50,20.61,28.65,22,0
"2023-08-03 18:09",1.77,54,20.28,28.15,22,0
"2023-08-03 18:14",0,65,20.5,28.49,22,0
"2023-08-03 18:19",1.77,40,20.5,27.36,21,0
"2023-08-03 18:24",0,22,20.39,27.19,21,0
"2023-08-03 18:29",0,85,20.11,30.03,24,0
"2023-08-03 18:34",2.57,58,19.78,32.43,27,0
"2023-08-03 18:39",2.57,42,19.61,27.15,22,0
"2023-08-03 18:44",0,250,19.72,27.32,22,0
"2023-08-03 18:49",0,60,20.22,25.76,20,0
"2023-08-03 18:54",2.09,76,19.78,23.88,19,0
"2023-08-03 19:04",2.09,38,19.39,26.82,22,0
"2023-08-03 19:09",2.57,32,19.28,28.77,24,0
"2023-08-03 19:14",2.57,70,19.22,27.65,23,0
"2023-08-03 19:19",0,46,19.22,29.68,25,0
"2023-08-03 19:24",1.77,53,19,27.31,23,0
"2023-08-03 19:29",1.77,49,18.78,29.96,26,0
"2023-08-03 19:34",2.9,36,18.61,26.72,23,0
"2023-08-03 19:39",2.09,64,18.5,23.21,20,0
"2023-08-03 19:44",2.09,64,18.61,25.65,22,0
"2023-08-03 19:49",2.57,53,18.61,26.72,23,0
"2023-08-03 19:54",2.09,55,18.61,24.54,21,0
"2023-08-03 19:59",2.09,71,18.72,26.89,23,0
"2023-08-03 20:04",2.57,44,18.39,24.2,21,0
"2023-08-03 20:09",2.09,69,18.28,22.88,20,0
"2023-08-03 20:14",2.57,63,18.28,26.22,23,0
"2023-08-03 20:19",2.9,77,18.5,21.99,19,0
"2023-08-03 20:24",4.67,81,18.89,21.29,18,0
"2023-08-03 20:29",4.99,58,18.78,24.78,21,0
"2023-08-03 20:34",4.02,58,18.28,28.24,25,0
"2023-08-03 20:39",3.54,60,18.22,26.14,23,0
"2023-08-03 20:44",2.57,74,18.22,27.16,24,0
"2023-08-03 20:49",2.09,51,18,26.83,24,0
"2023-08-03 20:54",2.57,52,17.78,25.46,23,0
"2023-08-03 20:59",2.9,58,17.72,24.32,22,0
"2023-08-03 21:04",3.54,63,18,25.8,23,0
"2023-08-03 21:09",2.9,60,18,26.83,24,0
"2023-08-03 21:14",4.67,55,18.11,29.86,27,0
"2023-08-03 21:19",3.54,67,18.11,26.99,24,0
"2023-08-03 21:24",2.57,61,17.89,26.66,24,0
"2023-08-03 21:29",2.9,63,18,25.8,23,0
"2023-08-03 21:34",2.09,86,17.89,24.57,22,0
"2023-08-03 21:39",2.9,54,18.11,22.63,20,0
"2023-08-03 21:44",3.22,58,18.11,23.79,21,0
"2023-08-03 21:49",3.22,47,18.22,26.14,23,0
"2023-08-03 21:54",4.67,66,18.22,25.07,22,0
"2023-08-03 22:04",6.12,62,18.61,20.88,18,0
"2023-08-03 22:09",3.22,82,18.28,26.22,23,0
"2023-08-03 22:14",3.54,69,17.89,25.63,23,0
"2023-08-03 22:19",4.67,42,18,25.8,23,0
"2023-08-03 22:24",5.47,47,18.28,24.04,21,0
"2023-08-03 22:29",3.22,56,18.39,27.42,24,0
"2023-08-03 22:34",2.09,48,18.28,27.25,24,0
"2023-08-03 22:39",2.9,61,18.22,23.95,21,0
"2023-08-03 22:44",5.79,62,18.22,23.95,21,0
"2023-08-03 22:49",7.89,63,18.39,23.04,20,0
"2023-08-03 22:54",1.77,51,18.28,22.88,20,0
"2023-08-03 22:59",4.99,67,18.22,23.95,21,0
"2023-08-03 23:04",5.47,54,18,21.25,19,0
"2023-08-03 23:09",3.54,70,17.89,22.3,20,0
"2023-08-03 23:14",4.35,56,18,21.25,19,0
"2023-08-03 23:19",4.67,67,18,22.46,20,0
"2023-08-03 23:24",2.57,58,17.72,26.4,24,0
"2023-08-03 23:29",2.9,57,17.78,23.29,21,0
"2023-08-03 23:34",4.99,67,17.72,20.84,19,0
"2023-08-03 23:39",2.57,48,17.89,27.65,25,0
"2023-08-03 23:44",4.02,56,17.78,25.46,23,0
"2023-08-03 23:49",2.9,77,17.61,21.88,20,0
"2023-08-03 23:54",3.22,73,17.5,26.07,24,0
"2023-08-03 23:59",2.57,30,17.72,23.21,21,0
"2023-08-04 00:04",4.35,64,17.72,25.38,23,0
"2023-08-04 00:14",2.9,70,17.78,18.32,17,0
"2023-08-04 00:19",3.54,62,17.5,28,26,0
"2023-08-04 00:24",4.02,76,17.28,21.39,20,0
"2023-08-04 00:29",5.79,66,17.61,23.04,21,0
"2023-08-04 00:34",4.67,52,17.28,22.54,21,0
"2023-08-04 00:39",2.57,65,17.11,22.29,21,0
"2023-08-04 00:44",3.54,54,17.28,23.65,22,0
"2023-08-04 00:49",4.02,50,17.39,22.71,21,0
"2023-08-04 00:54",3.22,20,17.61,20.68,19,0
"2023-08-04 00:59",3.54,62,18,21.25,19,0
"2023-08-04 01:04",3.22,61,17.72,23.21,21,0
"2023-08-04 01:09",4.67,50,17.5,25.04,23,0
"2023-08-04 01:14",3.54,75,17.61,26.24,24,0
"2023-08-04 01:19",4.35,83,17.61,16.68,16,0
"2023-08-04 01:24",2.9,48,17.61,20.68,19,0
"2023-08-04 01:29",4.35,51,17.39,19.08,18,0
"2023-08-04 01:34",4.35,40,17.5,22.87,21,0
"2023-08-04 01:39",4.35,57,17.39,21.55,20,0
"2023-08-04 01:44",2.09,44,17.28,22.54,21,0
"2023-08-04 01:49",2.9,66,17.22,18.84,18,0
"2023-08-04 01:54",3.54,56,17.28,22.54,21,0
"2023-08-04 02:04",2.57,30,17.5,27.05,25,0
"2023-08-04 02:09",1.77,358,17.39,19.08,18,0
"2023-08-04 02:14",4.67,67,17.61,20.68,19,0
"2023-08-04 02:19",4.02,60,17.61,18.08,17,0
"2023-08-04 02:24",2.57,72,17.61,20.68,19,0
"2023-08-04 02:29",1.77,30,17.61,20.68,19,0
"2023-08-04 02:34",4.99,44,17.61,21.88,20,0
"2023-08-04 02:39",4.99,53,17.39,20.35,19,0
"2023-08-04 02:44",3.54,47,17.89,22.3,20,0
"2023-08-04 02:49",2.09,80,18.11,15.92,15,0
"2023-08-04 02:54",3.22,57,17.89,15.6,15,0
"2023-08-04 03:04",3.22,113,17.39,16.36,16,0
"2023-08-04 03:09",2.9,58,17.39,20.35,19,0
"2023-08-04 03:14",3.22,72,17.22,17.51,17,0
"2023-08-04 03:19",0,67,17.22,22.46,21,0
"2023-08-04 03:24",4.99,53,17.28,21.39,20,0
"2023-08-04 03:29",4.67,58,17.22,20.1,19,0
"2023-08-04 03:34",4.35,47,17.22,25.65,24,0
"2023-08-04 03:39",3.22,25,17.28,17.59,17,0
"2023-08-04 03:44",0,128,17.28,17.59,17,0
"2023-08-04 03:49",0,131,17.39,17.76,17,0
"2023-08-04 03:54",2.09,60,17.28,14.72,15,0
"2023-08-04 04:04",4.67,68,17.11,14.48,15,0
"2023-08-04 04:09",2.09,73,17.5,11.8,13,0
"2023-08-04 04:14",2.57,60,17.22,17.51,17,0
"2023-08-04 04:19",4.35,64,17,19.77,19,0
"2023-08-04 04:24",2.09,65,16.78,23.95,23,0
"2023-08-04 04:29",4.67,62,16.89,19.61,19,0
"2023-08-04 04:34",3.54,54,16.72,26.81,26,0
"2023-08-04 04:39",4.35,45,16.78,19.44,19,0
"2023-08-04 04:44",2.9,46,16.61,20.4,20,0
"2023-08-04 04:49",4.35,65,17,20.98,20,0
"2023-08-04 04:54",3.22,65,17,15.79,16,0
"2023-08-04 05:04",3.22,79,17,18.51,18,0
"2023-08-04 05:09",5.47,38,16.89,19.61,19,0
"2023-08-04 05:14",3.22,66,16.78,20.65,20,0
"2023-08-04 05:19",4.02,65,16.72,10.69,13,0
"2023-08-04 05:24",0,55,17.28,14.72,15,0
"2023-08-04 05:29",3.54,42,17.22,20.1,19,0
"2023-08-04 05:34",3.54,41,17.5,19.25,18,0
"2023-08-04 05:39",0,57,17,19.77,19,0
"2023-08-04 05:44",3.22,57,17.28,16.2,16,0
"2023-08-04 05:49",5.79,60,17.61,16.68,16,0
"2023-08-04 05:54",4.67,77,17.89,14.02,14,0
"2023-08-04 06:04",4.02,48,17.5,17.92,17,0
"2023-08-04 06:09",4.35,43,17.61,16.68,16,0
"2023-08-04 06:14",1.77,30,17.5,16.52,16,0
"2023-08-04 06:19",2.09,35,17.28,13.15,14,0
"2023-08-04 06:24",4.02,50,17.22,16.12,16,0
"2023-08-04 06:29",1.77,13,17.22,14.64,15,0
"2023-08-04 06:34",4.67,86,17.22,17.51,17,0
"2023-08-04 06:39",4.99,65,16.78,16.86,17,0
"2023-08-04 06:44",2.57,51,16.89,15.63,16,0
"2023-08-04 06:49",5.79,53,16.89,14.16,15,0
"2023-08-04 06:54",2.09,59,17.11,14.48,15,0
"2023-08-04 07:04",3.22,68,16.39,18.87,19,0
"2023-08-04 07:09",2.9,79,16.39,14.91,16,0
"2023-08-04 07:14",3.54,69,16.28,16.13,17,0
"2023-08-04 07:19",5.47,80,16.5,8.6,12,0
"2023-08-04 07:24",3.54,55,16.39,13.44,15,0
"2023-08-04 07:29",3.54,55,16.39,14.91,16,0
"2023-08-04 07:34",2.57,45,16.39,14.91,16,0
"2023-08-04 07:39",3.22,65,16.22,16.05,17,0
"2023-08-04 07:44",1.77,67,16.28,11.72,14,0
"2023-08-04 07:49",2.09,61,16.5,13.6,15,0
"2023-08-04 07:54",2.9,66,16.39,13.44,15,0
"2023-08-04 07:59",2.57,76,16.39,16.3,17,0
"2023-08-04 08:04",0,50,16.28,14.75,16,0
"2023-08-04 08:09",3.54,50,16.22,19.82,20,0
"2023-08-04 08:14",3.22,42,16.28,18.7,19,0
"2023-08-04 08:19",4.02,78,16.61,16.62,17,0
"2023-08-04 08:24",4.67,26,16.72,15.39,16,0
"2023-08-04 08:29",4.67,55,16.89,15.63,16,0
"2023-08-04 08:34",5.47,47,17.11,15.96,16,0
"2023-08-04 08:39",5.79,62,17.28,17.59,17,0
"2023-08-04 08:44",5.79,78,16.78,18.19,18,0
"2023-08-04 08:49",3.22,80,16.61,13.76,15,0
"2023-08-04 08:54",5.79,58,17.39,14.88,15,0
"2023-08-04 08:59",4.35,41,18.22,18.97,17,0
"2023-08-04 09:04",5.47,71,18.22,14.5,14,0
"2023-08-04 09:09",3.54,70,18,14.18,14,0
"2023-08-04 09:14",2.09,66,18.22,14.5,14,0
"2023-08-04 09:19",0,36,18.61,20.88,18,0
"2023-08-04 09:24",3.22,45,20.22,24.53,19,0
"2023-08-04 09:29",0,96,20.5,20.87,16,0
"2023-08-04 09:34",4.99,65,20.78,16.44,13,0
"2023-08-04 09:39",2.9,108,20.11,20.3,16,0
"2023-08-04 09:44",3.54,91,19.11,17.36,15,0
"2023-08-04 09:49",0,53,19.78,21.24,17,0
"2023-08-04 09:54",0,50,21.11,15.07,12,0
"2023-08-04 10:04",0,102,21.5,17.46,13,0
"2023-08-04 10:09",0,89,21.22,17.06,13,0
"2023-08-04 10:14",0,52,21.5,25.12,18,0
"2023-08-04 10:19",1.77,32,20.78,18.15,14,0
"2023-08-04 10:24",0,44,20.28,19.04,15,0
"2023-08-04 10:29",0,63,20,13.51,12,0
"2023-08-04 10:34",3.22,77,19.89,24.04,19,0
"2023-08-04 10:39",3.54,73,19.89,22.76,18,0
"2023-08-04 10:43",3.22,120,20.22,13.82,12,0
"2023-08-04 10:49",0,89,20.28,15.73,13,0
"2023-08-04 10:54",2.09,28,20.39,14.06,12,0
"2023-08-04 11:04",0,50,20.61,19.51,15,0
"2023-08-04 11:09",0,185,21,16.75,13,0
"2023-08-04 11:14",2.57,37,21.11,15.07,12,0
"2023-08-04 11:19",0,13,21.28,15.3,12,0
"2023-08-04 11:24",0,297,21.39,11.33,10,0
"2023-08-04 11:29",0,33,21.61,17.61,13,0
"2023-08-04 11:34",0,75,21.89,16.16,12,0
"2023-08-04 11:39",2.09,129,22.28,16.7,12,0
"2023-08-04 11:44",0,72,22.61,13,10,0
"2023-08-04 11:49",0,15,23.11,15.86,11,0
"2023-08-04 11:54",0,32,24.61,17.94,11,0
"2023-08-04 12:04",2.09,244,24.78,18.17,11,0
"2023-08-04 12:09",0,13,23.61,16.55,11,0
"2023-08-04 12:14",2.57,209,24.72,10.83,8,0
"2023-08-04 12:19",3.54,200,24.22,10.17,8,0
"2023-08-04 12:24",1.77,353,24.78,13.56,9,0
"2023-08-04 12:29",2.57,76,26.5,18.32,10,0
"2023-08-04 12:34",2.57,165,26,12.54,8,0
"2023-08-04 12:39",0,116,26,12.54,8,0
"2023-08-04 12:44",0,297,26.89,13.72,8,0
"2023-08-04 12:49",0,256,26.72,16.19,9,0
"2023-08-04 12:55",2.57,244,26,6.15,6,0
"2023-08-04 13:09",0,305,26.5,20.55,11,0
"2023-08-04 13:14",1.77,233,26.11,12.69,8,0
"2023-08-04 13:19",0,249,27.78,11.88,7,0
"2023-08-04 13:24",0,348,27.39,11.37,7,0
"2023-08-04 13:29",0,318,27.11,14.02,8,0
"2023-08-04 13:34",2.9,149,27.89,17.76,9,0
"2023-08-04 13:39",0,264,28.11,15.35,8,0
"2023-08-04 13:44",0,242,28.22,12.46,7,0
"2023-08-04 13:49",4.35,243,29.11,13.62,7,0
"2023-08-04 13:54",0,308,28.5,12.82,7,0
"2023-08-04 14:04",0,290,29.72,10.94,6,0
"2023-08-04 14:09",1.77,301,29.22,13.77,7,0
"2023-08-04 14:14",2.57,258,29.89,17.71,8,0
"2023-08-04 14:19",2.09,278,28.5,12.82,7,0
"2023-08-04 14:24",2.09,266,29.11,16.68,8,0
"2023-08-04 14:29",1.77,287,29.28,16.9,8,0
"2023-08-04 14:34",0,333,29.78,14.5,7,0
"2023-08-04 14:39",0,322,30.39,15.3,7,0
"2023-08-04 14:44",0,326,30.89,15.95,7,0
"2023-08-04 14:49",0,25,30.72,21.57,9,0
"2023-08-04 14:54",0,343,30.72,15.73,7,0
"2023-08-04 14:59",1.77,338,30.28,18.23,8,0
"2023-08-04 15:04",0,301,30.61,18.67,8,0
"2023-08-04 15:09",0,340,30.61,18.67,8,0
"2023-08-04 15:19",0,309,28.78,16.23,8,0
"2023-08-04 15:24",0,309,28,17.91,9,0
"2023-08-04 15:29",0,330,27.22,19.31,10,0
"2023-08-04 15:34",0,322,26.78,16.26,9,0
"2023-08-04 15:39",0,29,26.5,18.32,10,0
"2023-08-04 15:44",0,11,26.22,17.94,10,0
"2023-08-04 15:49",0,15,25.89,17.49,10,0
"2023-08-04 15:54",0,6,25.72,19.47,11,0
"2023-08-04 15:59",0,25,25.5,19.17,11,0
"2023-08-04 16:04",0,18,25.28,18.86,11,0
"2023-08-04 16:09",0,32,25.11,20.66,12,0
"2023-08-04 16:14",0,293,24.78,20.2,12,0
"2023-08-04 16:19",0,19,24.72,22,13,0
"2023-08-04 16:24",0,343,24.5,21.69,13,0
"2023-08-04 16:29",0,15,24.22,19.42,12,0
"2023-08-04 16:34",0,10,24.11,21.14,13,0
"2023-08-04 16:39",0,28,23.89,20.83,13,0
"2023-08-04 16:44",0,38,23.72,20.59,13,0
"2023-08-04 16:49",1.77,356,23.39,20.12,13,0
"2023-08-04 16:54",1.77,50,23.11,19.73,13,0
"2023-08-04 16:59",0,22,22.78,21,14,0
"2023-08-04 17:04",1.77,349,22.61,20.76,14,0
"2023-08-04 17:09",0,356,22.39,20.44,14,0
"2023-08-04 17:14",0,324,22.22,20.2,14,0
"2023-08-04 17:19",0,15,22.11,20.05,14,0
"2023-08-04 17:24",0,84,22,21.51,15,0
"2023-08-04 17:29",2.57,94,21.78,21.19,15,0
"2023-08-04 17:34",2.09,131,21.61,20.95,15,0
"2023-08-04 17:39",2.9,104,21.5,17.46,13,0
"2023-08-04 17:44",0,69,21.39,22.15,16,0
"2023-08-04 17:49",2.09,123,21,21.59,16,0
"2023-08-04 17:54",1.77,120,20.89,19.91,15,0
"2023-08-04 18:04",0,93,20.5,23.65,18,0
"2023-08-04 18:09",3.54,118,20.39,22.13,17,0
"2023-08-04 18:14",2.57,75,20.22,21.89,17,0
"2023-08-04 18:19",2.09,94,20.22,20.46,16,0
"2023-08-04 18:24",3.22,120,20,21.57,17,0
"2023-08-04 18:29",0,86,19.89,21.41,17,0
"2023-08-04 18:34",4.35,80,19.61,23.63,19,0
"2023-08-04 18:39",6.12,63,19.72,18.24,15,0
"2023-08-04 18:44",2.09,94,19.61,23.63,19,0
"2023-08-04 18:49",3.22,70,19.39,19.26,16,0
"2023-08-04 18:54",1.77,63,19.39,25.7,21,0
"2023-08-04 18:59",0,209,19.5,22.19,18,0
"2023-08-04 19:04",0,189,19.5,22.19,18,0
"2023-08-04 19:09",1.77,66,19.28,20.51,17,0
"2023-08-04 19:14",2.57,43,19.22,23.06,19,0
"2023-08-04 19:19",2.9,358,18.89,22.57,19,0
"2023-08-04 19:24",2.9,62,19,21.45,18,0
"2023-08-04 19:29",2.09,46,18.89,23.78,20,0
"2023-08-04 19:34",2.57,81,18.78,22.4,19,0
"2023-08-04 19:39",2.57,51,18.78,18.37,16,0
"2023-08-04 19:44",2.09,91,18.5,21.99,19,0
"2023-08-04 19:49",2.9,65,18.61,23.37,20,0
"2023-08-04 19:54",2.57,51,18.5,21.99,19,0
"2023-08-04 20:04",0,37,18.28,20.39,18,0
"2023-08-04 20:09",8.21,62,18.39,20.55,18,0
"2023-08-04 20:14",4.67,64,18.39,19.22,17,0
"2023-08-04 20:19",4.67,62,18,22.46,20,0
"2023-08-04 20:24",2.9,61,18,19.98,18,0
"2023-08-04 20:29",1.77,48,18.11,21.42,19,0
"2023-08-04 20:34",0,94,18,19.98,18,0
"2023-08-04 20:39",0,95,17.78,19.66,18,0
"2023-08-04 20:44",2.09,50,17.72,23.21,21,0
"2023-08-04 20:49",3.54,84,17.78,18.32,17,0
"2023-08-04 20:54",5.47,83,17.89,19.82,18,0
"2023-08-04 21:04",2.09,5,17.61,24.15,22,0
"2023-08-04 21:09",2.09,20,17.61,24.15,22,0
"2023-08-04 21:14",4.02,62,17.78,20.92,19,0
"2023-08-04 21:19",2.9,46,17.5,20.51,19,0
"2023-08-04 21:24",5.47,62,17.5,20.51,19,0
"2023-08-04 21:29",5.47,84,17.72,18.24,17,0
"2023-08-04 21:34",1.77,27,17.72,22.05,20,0
"2023-08-04 21:39",6.44,68,17.39,19.08,18,0
"2023-08-04 21:44",3.54,42,17.5,19.25,18,0
"2023-08-04 21:49",2.57,61,17.28,22.54,21,0
"2023-08-04 21:54",3.54,73,17.5,22.87,21,0
"2023-08-04 21:59",4.02,58,17.28,21.39,20,0
"2023-08-04 22:04",3.22,50,17.11,22.29,21,0
"2023-08-04 22:09",5.47,56,17.22,18.84,18,0
"2023-08-04 22:14",3.22,64,17.22,20.1,19,0
"2023-08-04 22:19",3.22,25,17,20.98,20,0
"2023-08-04 22:24",5.47,63,17.5,17.92,17,0
"2023-08-04 22:29",3.22,22,17.39,16.36,16,0
"2023-08-04 22:34",2.9,35,17.72,20.84,19,0
"2023-08-04 22:39",2.57,60,17.72,25.38,23,0
"2023-08-04 22:44",0,62,17.5,22.87,21,0
"2023-08-04 22:49",0,60,16.89,19.61,19,0
"2023-08-04 22:54",2.9,347,16.61,19.2,19,0
"2023-08-04 23:04",2.9,57,17.39,21.55,20,0
"2023-08-04 23:09",1.77,50,17.11,18.68,18,0
"2023-08-04 23:14",4.02,56,16.89,23.06,22,0
"2023-08-04 23:19",4.35,59,17.22,23.56,22,0
"2023-08-04 23:24",1.77,84,16.89,21.96,21,0
"2023-08-04 23:29",3.22,55,17,22.13,21,0
"2023-08-04 23:34",2.9,64,16.89,20.81,20,0
"2023-08-04 23:39",3.22,52,17,19.77,19,0
"2023-08-04 23:44",1.77,45,17,29.04,28,0
"2023-08-04 23:49",4.02,58,16.89,19.61,19,0
"2023-08-04 23:54",1.77,61,17,27.24,26,0
"2023-08-04 23:59",3.54,53,16.78,21.79,21,0
"2023-08-05 00:04",6.92,65,17,18.51,18,0
"2023-08-05 00:09",5.47,66,17.11,23.4,22,0
"2023-08-05 00:14",5.79,80,17,17.19,17,0
"2023-08-05 00:19",4.35,60,16.72,24.89,24,0
"2023-08-05 00:24",2.57,59,16.61,21.54,21,0
"2023-08-05 00:29",4.67,69,16.72,21.71,21,0
"2023-08-05 00:34",5.79,70,16.78,21.79,21,0
"2023-08-05 00:39",6.12,81,17,19.77,19,0
"2023-08-05 00:44",2.09,54,17.11,19.94,19,0
"2023-08-05 00:49",5.47,65,16.72,19.36,19,0
"2023-08-05 00:54",2.9,36,16.61,20.4,20,0
"2023-08-05 01:04",5.79,50,17,22.13,21,0
"2023-08-05 01:09",2.9,52,16.5,22.48,22,0
"2023-08-05 01:14",4.35,47,16.72,25.87,25,0
"2023-08-05 01:19",2.57,70,16.72,24.89,24,0
"2023-08-05 01:24",4.67,51,16.39,22.31,22,0
"2023-08-05 01:29",4.35,53,16.28,17.45,18,0
"2023-08-05 01:34",1.77,49,16.28,18.7,19,0
"2023-08-05 01:39",0,23,16.22,22.06,22,0
"2023-08-05 01:44",2.9,57,16.28,17.45,18,0
"2023-08-05 01:49",9.01,76,16.61,15.23,16,0
"2023-08-05 01:54",3.22,37,17,20.98,20,0
"2023-08-05 02:04",4.02,50,16.39,18.87,19,0
"2023-08-05 02:09",4.67,61,16.5,17.78,18,0
"2023-08-05 02:14",4.99,60,16.61,20.4,20,0
"2023-08-05 02:19",4.02,57,16.78,15.47,16,0
"2023-08-05 02:24",2.9,65,16.61,16.62,17,0
"2023-08-05 02:29",2.57,56,16.5,16.46,17,0
"2023-08-05 02:34",2.9,51,16.22,17.37,18,0
"2023-08-05 02:39",4.99,63,16.28,19.9,20,0
"2023-08-05 02:44",3.54,73,16.28,23.2,23,0
"2023-08-05 02:49",5.47,68,16.22,19.82,20,0
"2023-08-05 02:54",2.57,66,16.11,22.94,23,0
"2023-08-05 02:59",3.54,69,16.22,22.06,22,0
"2023-08-05 03:04",4.02,63,16.61,20.4,20,0
"2023-08-05 03:09",2.9,51,16.39,22.31,22,0
"2023-08-05 03:14",4.02,57,16.28,22.14,22,0
"2023-08-05 03:19",2.57,46,16.61,19.2,19,0
"2023-08-05 03:24",2.9,40,16.72,18.1,18,0
"2023-08-05 03:29",4.99,58,17,22.13,21,0
"2023-08-05 03:34",4.99,77,16.89,19.61,19,0
"2023-08-05 03:39",6.44,74,16.61,20.4,20,0
"2023-08-05 03:44",2.9,57,16.28,19.9,20,0
"2023-08-05 03:49",2.57,66,16.28,22.14,22,0
"2023-08-05 03:54",2.9,50,16.11,23.96,24,0
"2023-08-05 04:04",3.22,59,16.22,23.11,23,0
"2023-08-05 04:09",2.09,58,16.11,19.65,20,0
"2023-08-05 04:14",4.02,38,16.5,21.38,21,0
"2023-08-05 04:19",0,18,16.39,22.31,22,0
"2023-08-05 04:24",5.47,55,16.39,21.21,21,0
"2023-08-05 04:29",2.09,76,16.22,17.37,18,0
"2023-08-05 04:34",2.09,93,16,17.04,18,0
"2023-08-05 04:39",4.02,73,16.39,17.61,18,0
"2023-08-05 04:44",4.99,69,16.39,16.3,17,0
"2023-08-05 04:49",3.22,72,16.28,18.7,19,0
"2023-08-05 04:54",4.02,73,16.11,20.8,21,0
"2023-08-05 04:59",1.77,50,15.89,20.46,21,0
"2023-08-05 05:04",3.54,55,16.11,17.21,18,0
"2023-08-05 05:09",4.67,59,16.28,18.7,19,0
"2023-08-05 05:14",4.35,65,16.22,20.96,21,0
"2023-08-05 05:19",4.02,62,16.11,19.65,20,0
"2023-08-05 05:24",4.99,61,16.39,17.61,18,0
"2023-08-05 05:29",2.9,56,16.39,20.07,20,0
"2023-08-05 05:34",5.47,64,16.22,20.96,21,0
"2023-08-05 05:39",3.54,26,16.39,25.36,25,0
"2023-08-05 05:44",3.22,56,16.89,15.63,16,0
"2023-08-05 05:49",4.99,63,16.39,17.61,18,0
"2023-08-05 05:54",4.99,67,16.5,19.03,19,0
"2023-08-05 06:04",6.12,72,16.5,16.46,17,0
"2023-08-05 06:09",5.47,57,16.72,15.39,16,0
"2023-08-05 06:14",4.99,54,16.72,18.1,18,0
"2023-08-05 06:19",4.99,58,16.5,15.07,16,0
"2023-08-05 06:24",3.22,71,16.5,15.07,16,0
"2023-08-05 06:29",4.99,51,16.61,17.94,18,0
"2023-08-05 06:34",3.22,57,16.22,20.96,21,0
"2023-08-05 06:39",3.54,31,16.22,22.06,22,0
"2023-08-05 06:44",5.79,60,16.61,17.94,18,0
"2023-08-05 06:49",3.54,27,16.39,21.21,21,0
"2023-08-05 06:54",5.47,69,16.28,21.05,21,0
"2023-08-05 07:04",7.24,65,16.39,16.3,17,0
"2023-08-05 07:09",5.79,60,16.39,16.3,17,0
"2023-08-05 07:14",5.47,57,16.72,18.1,18,0
"2023-08-05 07:19",4.67,61,16.39,17.61,18,0
"2023-08-05 07:24",4.99,46,16.28,16.13,17,0
"2023-08-05 07:29",1.77,53,16.39,24.38,24,0
"2023-08-05 07:34",4.99,37,16.28,18.7,19,0
"2023-08-05 07:38",2.9,60,16.28,21.05,21,0
"2023-08-05 07:49",2.9,63,17,17.19,17,0
"2023-08-05 07:54",4.67,46,17,18.51,18,0
"2023-08-05 08:04",4.35,64,16.89,19.61,19,0
"2023-08-05 08:09",0,38,17,22.13,21,0
"2023-08-05 08:14",6.92,37,17,18.51,18,0
"2023-08-05 08:19",3.54,76,17.22,14.64,15,0
"2023-08-05 08:24",3.54,48,17.61,11.95,13,0
"2023-08-05 08:29",0,63,17.5,15.04,15,0
"2023-08-05 08:34",4.35,60,17.11,12.91,14,0
"2023-08-05 08:39",1.77,78,17.11,14.48,15,0
"2023-08-05 08:44",1.77,33,16.78,18.19,18,0
"2023-08-05 08:49",2.09,43,16.72,13.92,15,0
"2023-08-05 08:54",2.57,52,17,15.79,16,0
"2023-08-05 09:04",3.54,56,18.78,23.62,20,0
"2023-08-05 09:09",0,56,18.89,21.29,18,0
"2023-08-05 09:14",2.09,91,19,18.69,16,0
"2023-08-05 09:19",5.47,57,18.11,17.41,16,0
"2023-08-05 09:24",2.9,55,18.11,23.79,21,0
"2023-08-05 09:29",6.12,69,18.11,20.15,18,0
"2023-08-05 09:34",4.35,71,18.5,13.21,13,0
"2023-08-05 09:39",0,79,19.61,16.48,14,0
"2023-08-05 09:44",3.22,67,18.89,13.76,13,0
"2023-08-05 09:49",0,89,19.5,17.92,15,0
"2023-08-05 09:54",0,27,20,13.51,12,0
"2023-08-05 09:59",0,230,20.78,16.44,13,0
"2023-08-05 10:04",0,58,21.89,16.16,12,0
"2023-08-05 10:09",0,19,22,19.89,14,0
"2023-08-05 10:14",0,214,20.78,16.44,13,0
"2023-08-05 10:19",2.09,68,20.11,13.67,12,0
"2023-08-05 10:24",6.92,64,19.28,19.1,16,0
"2023-08-05 10:29",0,94,19.72,16.64,14,0
"2023-08-05 10:34",6.44,67,19.72,19.74,16,0
"2023-08-05 10:39",3.22,212,20.11,13.67,12,0
"2023-08-05 10:44",1.77,73,20.28,11.93,11,0
"2023-08-05 10:49",0,331,20.28,13.9,12,0
"2023-08-05 10:54",3.22,76,20.28,15.73,13,0
"2023-08-05 11:04",0,55,20.78,14.6,12,0
"2023-08-05 11:09",0,44,20.78,21.27,16,0
"2023-08-05 11:14",0,13,20.78,14.6,12,0
"2023-08-05 11:19",0,233,20.89,14.76,12,0
"2023-08-05 11:24",0,40,21.28,17.14,13,0
"2023-08-05 11:29",2.09,34,21.5,13.63,11,0
"2023-08-05 11:34",3.22,60,21.89,16.16,12,0
"2023-08-05 11:39",1.77,353,22.28,10.18,9,0
"2023-08-05 11:44",1.77,50,23.5,14.22,10,0
"2023-08-05 11:49",0,355,24.89,18.32,11,0
"2023-08-05 11:54",1.77,297,25.61,21.36,12,0
"2023-08-05 12:04",0,40,26.28,18.02,10,0
"2023-08-05 12:09",1.77,36,26.78,18.7,10,0
"2023-08-05 12:14",0,324,26.61,24.66,13,0
"2023-08-05 12:19",0,315,25.89,23.64,13,0
"2023-08-05 12:24",0,356,25.78,23.49,13,0
"2023-08-05 12:29",0,77,25.5,23.1,13,0
"2023-08-05 12:34",0,324,23.39,21.86,14,0
"2023-08-05 12:39",0,310,23.78,18.8,12,0
"2023-08-05 12:44",0,205,24.22,19.42,12,0
"2023-08-05 12:49",0,148,23.5,22.02,14,0
"2023-08-05 12:55",0,55,24.11,24.54,15,0
"2023-08-05 13:05",0,15,25,20.51,12,0
"2023-08-05 13:10",0,37,25.78,21.59,12,0
"2023-08-05 13:14",0,76,26.72,18.62,10,0
"2023-08-05 13:19",2.09,227,25.11,14.01,9,0
"2023-08-05 13:24",0,103,26,17.64,10,0
"2023-08-05 13:29",0,37,26.61,18.47,10,0
"2023-08-05 13:34",0,9,26.5,22.6,12,0
"2023-08-05 13:39",0,307,26.78,24.89,13,0
"2023-08-05 13:44",0,30,27.28,23.68,12,0
"2023-08-05 13:49",0,11,26.72,22.91,12,0
"2023-08-05 13:54",0,310,26.22,22.21,12,0
"2023-08-05 13:59",0,333,26.61,26.44,14,0
"2023-08-05 14:04",0,326,26.72,22.91,12,0
"2023-08-05 14:09",1.77,321,26.5,26.28,14,0
"2023-08-05 14:14",0,291,25.78,25.26,14,0
"2023-08-05 14:18",0,13,26.11,25.73,14,0
"2023-08-05 14:24",2.57,19,25.78,21.59,12,0
"2023-08-05 14:29",2.09,58,25.61,23.25,13,0
"2023-08-05 14:34",0,138,25.39,24.71,14,0
"2023-08-05 14:39",0,322,25.5,24.86,14,0
"2023-08-05 14:44",0,352,25.72,23.41,13,0
"2023-08-05 14:49",0,329,25.72,25.18,14,0
"2023-08-05 14:54",2.09,26,25.78,23.49,13,0
"2023-08-05 15:04",0,21,25.11,22.55,13,0
"2023-08-05 15:09",0,343,24.89,24,14,0
"2023-08-05 15:13",0,57,24.78,23.84,14,0
"2023-08-05 15:19",1.77,48,23.39,25.04,16,0
"2023-08-05 15:24",2.09,21,22.22,24.8,17,0
"2023-08-05 15:29",1.77,76,21.72,24.08,17,0
"2023-08-05 15:34",0,34,21.22,24.71,18,0
"2023-08-05 15:39",0,20,20.78,25.35,19,0
"2023-08-05 15:44",0,15,20.89,27.94,21,0
"2023-08-05 15:49",1.77,171,20.61,26.34,20,0
"2023-08-05 15:54",0,54,20.28,28.15,22,0
"2023-08-05 16:04",0,221,20,24.21,19,0
"2023-08-05 16:09",4.35,223,19.61,23.63,19,0
"2023-08-05 16:14",1.77,56,19.89,27.57,22,0
"2023-08-05 16:19",2.09,177,19.72,27.32,22,0
"2023-08-05 16:24",1.77,181,19.61,27.15,22,0
"2023-08-05 16:29",0,272,19.22,27.65,23,0
"2023-08-05 16:34",2.09,192,18.61,26.72,23,0
"2023-08-05 16:39",3.22,99,18.61,28.75,25,0
"2023-08-05 16:44",0,72,18.72,30.8,27,0
"2023-08-05 16:48",2.57,223,18.28,29.2,26,0
"2023-08-05 16:54",3.22,214,17.78,28.43,26,0
"2023-08-05 17:04",0,205,17.89,28.6,26,0
"2023-08-05 17:09",0,44,17.78,28.43,26,0
"2023-08-05 17:14",2.09,8,17.5,39.38,41,0
"2023-08-05 17:19",1.77,128,15.11,38.43,46,0
"2023-08-05 17:24",2.09,72,13.22,38.93,53,0
"2023-08-05 17:29",2.09,34,13.72,38.78,51,0
"2023-08-05 17:34",0,75,14.11,38.4,49,0
"2023-08-05 17:39",2.9,93,14,38.73,50,0
"2023-08-05 17:44",3.54,81,14.28,37.61,47,0
"2023-08-05 17:49",0,165,14.5,39.56,50,0
"2023-08-05 17:54",1.77,30,13.39,39.21,53,0
"2023-08-05 18:04",3.54,36,13.61,39.09,52,0
"2023-08-05 18:09",0,106,13.61,39.58,53,0
"2023-08-05 18:14",4.99,74,13.22,39.88,55,0
"2023-08-05 18:19",4.02,65,13.61,40.06,54,0
"2023-08-05 18:24",2.57,45,14.11,39.42,51,0
"2023-08-05 18:29",4.35,75,14.39,33.1,39,0
"2023-08-05 18:34",0,132,14.39,33.73,40,0
"2023-08-05 18:39",4.02,71,14.61,34.09,40,0
"2023-08-05 18:44",2.57,48,14.78,33.72,39,0
"2023-08-05 18:49",1.77,100,14.28,34.17,41,0
"2023-08-05 18:54",2.09,253,14,29.8,35,0
"2023-08-05 19:04",0,11,13.5,35.79,46,0
"2023-08-05 19:09",2.09,83,13.5,32.91,41,0
"2023-08-05 19:14",1.77,94,13.72,33.87,42,0
"2023-08-05 19:19",5.79,68,13.5,31.02,38,0
"2023-08-05 19:24",4.35,72,14.11,31.35,37,0
"2023-08-05 19:29",2.57,82,14.22,30.15,35,0
"2023-08-05 19:34",4.99,67,14.11,29.27,34,0
"2023-08-05 19:39",0,214,14.28,28.8,33,0
"2023-08-05 19:44",0,56,14.28,30.94,36,0
"2023-08-05 19:49",0,124,14.22,32.18,38,0
"2023-08-05 19:54",4.99,70,14,29.09,34,0
"2023-08-05 20:04",2.57,71,14.39,28.98,33,0
"2023-08-05 20:09",2.57,67,14.22,30.85,36,0
"2023-08-05 20:14",3.54,63,14.5,26.02,29,0
"2023-08-05 20:19",0,87,14.61,28.58,32,0
"2023-08-05 20:24",2.9,63,14.39,25.84,29,0
"2023-08-05 20:29",3.22,91,14.28,23.96,27,0
"2023-08-05 20:34",3.22,128,14.22,24.74,28,0
"2023-08-05 20:39",0,188,14,27.61,32,0
"2023-08-05 20:44",3.22,104,13.28,30.67,38,0
"2023-08-05 20:49",2.9,70,12.61,30.24,39,0
"2023-08-05 20:54",1.77,77,12.39,29.24,38,0
"2023-08-05 21:04",0,141,12,32.22,44,0
"2023-08-05 21:09",4.67,79,12.28,29.7,39,0
"2023-08-05 21:14",2.09,70,13,28.21,35,0
"2023-08-05 21:19",4.02,63,12.72,29.12,37,0
"2023-08-05 21:24",4.67,59,13.28,25.71,31,0
"2023-08-05 21:29",1.77,56,13.5,29.01,35,0
"2023-08-05 21:34",4.99,54,13,26.78,33,0
"2023-08-05 21:39",2.09,49,13.61,26.24,31,0
"2023-08-05 21:44",2.9,58,13.61,26.24,31,0
"2023-08-05 21:49",4.99,75,13.78,24.05,28,0
"2023-08-05 21:54",2.09,67,14.11,22.81,26,0
"2023-08-05 22:04",3.54,60,13.61,24.63,29,0
"2023-08-05 22:09",3.54,73,13.89,25.88,30,0
"2023-08-05 22:14",1.77,85,13.72,27.18,32,0
"2023-08-05 22:19",2.57,69,13.28,24.93,30,0
"2023-08-05 22:24",2.09,38,13.5,26.83,32,0
"2023-08-05 22:29",0,202,13.28,27.22,33,0
"2023-08-05 22:34",0,110,13.11,28.39,35,0
"2023-08-05 22:39",2.57,71,13.11,27.68,34,0
"2023-08-05 22:44",9.33,83,13.22,25.63,31,0
"2023-08-05 22:49",2.09,56,13,28.21,35,0
"2023-08-05 22:54",2.9,66,13,28.21,35,0
"2023-08-05 22:59",5.47,74,13.22,25.63,31,0
"2023-08-05 23:04",5.47,72,13.5,25.27,30,0
"2023-08-05 23:09",2.57,80,13.78,23.19,27,0
"2023-08-05 23:14",1.77,124,13.39,27.4,33,0
"2023-08-05 23:19",5.79,67,12.89,27.33,34,0
"2023-08-05 23:24",2.57,84,13.11,26.96,33,0
"2023-08-05 23:29",2.09,69,13.28,26.48,32,0
"2023-08-05 23:34",5.47,62,13.39,26.65,32,0
"2023-08-05 23:39",2.9,105,13.61,25.45,30,0
"2023-08-05 23:44",5.47,67,13.5,26.06,31,0
"2023-08-05 23:49",2.9,84,13.22,25.63,31,0
"2023-08-05 23:54",4.02,63,13.28,26.48,32,0
"2023-08-06 00:04",4.35,58,13.28,25.71,31,0
"2023-08-06 00:09",1.77,79,13.5,27.57,33,0
"2023-08-06 00:14",0,91,13.72,25.62,30,0
"2023-08-06 00:19",2.9,36,13.72,27.92,33,0
"2023-08-06 00:22",1.77,52,13.39,28.12,34,0
"2023-08-06 00:29",0,46,10.78,30.23,44,0
"2023-08-06 00:34",4.99,77,10.61,28.82,42,0
"2023-08-06 00:39",2.9,88,11.61,25.31,34,0
"2023-08-06 00:44",4.02,58,11.78,30.12,41,0
"2023-08-06 00:49",5.47,70,12.11,26.1,34,0
"2023-08-06 00:54",4.02,37,12.89,27.33,34,0
"2023-08-06 00:59",4.99,59,13.5,24.46,29,0
"2023-08-06 01:04",6.44,71,13.89,25.07,29,0
"2023-08-06 01:09",2.09,98,14,26.05,30,0
"2023-08-06 01:14",1.77,137,13.78,28.01,33,0
"2023-08-06 01:19",2.09,84,12.39,32.86,44,0
"2023-08-06 01:24",2.09,2,9.39,39.55,70,0
"2023-08-06 01:29",3.22,154,8.22,38.26,72,0
"2023-08-06 01:34",3.22,91,8.61,39.28,73,0
"2023-08-06 01:39",3.54,109,7.72,40.4,81,0
"2023-08-06 01:44",3.54,188,7.61,39.89,80,0
"2023-08-06 01:49",3.54,86,7.72,39.43,78,0
"2023-08-06 01:54",2.09,44,8.22,37.9,71,0
"2023-08-06 02:04",4.99,73,8.39,35.56,64,0
"2023-08-06 02:09",1.77,64,8.78,38.13,69,0
"2023-08-06 02:14",3.22,100,8,38.91,75,0
"2023-08-06 02:19",2.09,52,7.72,39.43,78,0
"2023-08-06 02:24",3.22,101,7.11,39.96,83,0
"2023-08-06 02:29",2.09,81,6.72,40.48,87,0
"2023-08-06 02:34",2.57,94,6.28,40.57,90,0
"2023-08-06 02:39",1.77,177,6.22,40.75,91,0
"2023-08-06 02:44",2.9,84,6,40.64,92,0
"2023-08-06 02:49",1.77,168,5.89,40.72,93,0
"2023-08-06 02:54",3.54,86,5.89,41,94,0
"2023-08-06 03:04",2.57,188,5.78,40.8,94,0
"2023-08-06 03:09",2.57,125,5.72,41.24,96,0
"2023-08-06 03:14",0,94,5.39,40.64,96,0
"2023-08-06 03:19",7.89,139,5.72,41.24,96,0
"2023-08-06 03:24",1.77,52,5.61,41.04,96,0
"2023-08-06 03:29",0,58,5.61,41.04,96,0
"2023-08-06 03:34",2.09,80,5.72,41.24,96,0
"2023-08-06 03:39",2.09,190,5.39,40.64,96,0
"2023-08-06 03:44",2.09,66,5.61,41.31,97,0
"2023-08-06 03:49",3.22,124,5.72,41.24,96,0
"2023-08-06 03:54",1.77,137,5.72,41.24,96,0
"2023-08-06 03:59",1.77,87,5.78,41.34,96,0
"2023-08-06 04:04",2.9,133,5.72,40.97,95,0
"2023-08-06 04:09",3.22,99,5.78,40.8,94,0
"2023-08-06 04:14",1.77,81,5.89,41,94,0
"2023-08-06 04:19",1.77,235,6,41.19,94,0
"2023-08-06 04:24",0,165,5.89,41,94,0
"2023-08-06 04:29",3.22,81,5.72,40.7,94,0
"2023-08-06 04:34",3.22,96,5.72,40.7,94,0
"2023-08-06 04:39",2.09,68,6,41.19,94,0
"2023-08-06 04:44",2.57,83,6.11,41.12,93,0
"2023-08-06 04:49",2.57,97,6,40.92,93,0
"2023-08-06 04:54",4.35,120,6,40.64,92,0
"2023-08-06 05:04",3.54,21,6.11,40.84,92,0
"2023-08-06 05:09",0,72,6.22,41.31,93,0
"2023-08-06 05:14",4.02,106,6,40.64,92,0
"2023-08-06 05:19",5.47,111,6,40.64,92,0
"2023-08-06 05:24",4.67,139,6.11,40.56,91,0
"2023-08-06 05:29",0,201,5.89,40.72,93,0
"2023-08-06 05:34",2.9,88,5.72,40.42,93,0
"2023-08-06 05:39",2.9,84,5.5,40.03,93,0
"2023-08-06 05:44",4.35,84,5.61,40.22,93,0
"2023-08-06 05:49",0,3,5.78,40.52,93,0
"2023-08-06 05:54",1.77,131,5.89,41,94,0
"2023-08-06 05:59",0,187,5.78,40.8,94,0
"2023-08-06 06:04",5.79,71,5.78,40.52,93,0
"2023-08-06 06:09",2.9,73,6.11,41.12,93,0
"2023-08-06 06:14",1.77,274,5.89,40.72,93,0
"2023-08-06 06:19",2.57,102,5.72,39.86,91,0
"2023-08-06 06:24",4.02,114,5.61,39.67,91,0
"2023-08-06 06:29",2.9,93,5.28,39.63,93,0
"2023-08-06 06:34",0,70,5.11,39.33,93,0
"2023-08-06 06:39",4.35,42,5,39.41,94,0
"2023-08-06 06:44",4.02,71,5.22,39.8,94,0
"2023-08-06 06:49",4.67,91,5.11,39.61,94,0
"2023-08-06 06:54",3.54,98,5.28,39.9,94,0
"2023-08-06 07:04",2.9,84,5.28,39.9,94,0
"2023-08-06 07:09",2.09,78,5.22,39.8,94,0
"2023-08-06 07:14",3.22,80,5,39.41,94,0
"2023-08-06 07:19",5.47,61,5,39.68,95,0
"2023-08-06 07:24",5.79,77,4.89,39.48,95,0
"2023-08-06 07:29",2.09,60,4.89,39.48,95,0
"2023-08-06 07:34",4.67,62,5.22,39.8,94,0
"2023-08-06 07:39",2.57,40,5.72,39.86,91,0
"2023-08-06 07:44",3.54,71,5.61,39.38,90,0
"2023-08-06 07:49",5.47,54,6.28,34.54,71,0
"2023-08-06 07:54",5.79,62,8.28,32.03,56,0
"2023-08-06 08:04",6.12,53,9.28,29.9,48,0
"2023-08-06 08:09",5.47,68,9.5,29.75,47,0
"2023-08-06 08:14",1.77,70,8.89,29.76,49,0
"2023-08-06 08:19",0,54,8.72,30.95,52,0
"2023-08-06 08:24",0,40,8.39,34.76,62,0
"2023-08-06 08:29",3.22,68,7.22,34.34,66,0
"2023-08-06 08:34",0,71,7.28,33.27,63,0
"2023-08-06 08:39",2.57,83,7.61,32.2,59,0
"2023-08-06 08:44",4.35,79,7.72,33.22,61,0
"2023-08-06 08:49",5.79,71,8.11,32.19,57,0
"2023-08-06 08:54",3.22,107,9,29.44,48,0
"2023-08-06 09:04",3.22,81,11,32.22,47,0
"2023-08-06 09:09",8.69,69,11.39,32.86,47,0
"2023-08-06 09:14",6.44,62,11.89,32.04,44,0
"2023-08-06 09:19",7.89,62,10.78,29.66,43,0
"2023-08-06 09:24",4.02,42,11.61,31.02,43,0
"2023-08-06 09:29",4.02,45,12.61,28.95,37,0
"2023-08-06 09:34",4.99,79,12.89,30.04,38,0
"2023-08-06 09:39",1.77,67,11.89,34.72,49,0
"2023-08-06 09:44",0,204,10.89,35.97,55,0
"2023-08-06 09:49",2.57,81,10.5,34.85,54,0
"2023-08-06 09:54",5.79,71,12,32.22,44,0
"2023-08-06 09:59",0,345,12.5,34.15,46,0
"2023-08-06 10:04",4.99,81,13.39,30.19,37,0
"2023-08-06 10:09",4.02,54,13.72,26.41,31,0
"2023-08-06 10:14",2.57,49,13.5,31.67,39,0
"2023-08-06 10:19",0,131,12.5,36.75,51,0
"2023-08-06 10:24",1.77,38,11.72,37.36,55,0
"2023-08-06 10:29",3.22,73,11.5,36.99,55,0
"2023-08-06 10:34",1.77,77,10.72,38.31,61,0
"2023-08-06 10:39",0,106,10.89,36.87,57,0
"2023-08-06 10:44",1.77,146,11.22,36.06,54,0
"2023-08-06 10:49",2.57,63,11,36.61,56,0
"2023-08-06 10:54",0,292,11.28,37.08,56,0
"2023-08-06 11:04",1.77,136,11.39,35.87,53,0
"2023-08-06 11:09",0,187,11.61,34.77,50,0
"2023-08-06 11:14",2.9,96,11.61,34.77,50,0
"2023-08-06 11:19",1.77,59,11.89,36.7,53,0
"2023-08-06 11:24",2.09,75,12,36.89,53,0
"2023-08-06 11:29",2.09,92,12.28,36.87,52,0
"2023-08-06 11:34",2.09,252,12.28,36.38,51,0
"2023-08-06 11:39",1.77,59,12.78,36.71,50,0
"2023-08-06 11:44",0,216,13.22,35.88,47,0
"2023-08-06 11:49",0,0,13.39,36.15,47,0
"2023-08-06 11:54",0,184,13.39,35.61,46,0
"2023-08-06 12:04",2.09,89,15.28,38.7,46,0
"2023-08-06 12:09",2.09,55,16,38.75,44,0
"2023-08-06 12:14",1.77,27,16.22,39.11,44,0
"2023-08-06 12:19",1.77,98,15.61,38.69,45,0
"2023-08-06 12:25",3.22,242,14.72,38.34,47,0
"2023-08-06 12:29",0,212,14.11,37.87,48,0
"2023-08-06 12:34",0,155,13.5,39.39,53,0
"2023-08-06 12:39",0,103,13.72,37.76,49,0
"2023-08-06 12:45",0,295,14.39,35.54,43,0
"2023-08-06 12:50",0,47,16.5,39.56,44,0
"2023-08-06 12:55",2.09,44,16.39,39.38,44,0
"2023-08-06 13:05",0,333,17.61,39.56,41,0
"2023-08-06 13:10",0,114,18,39.55,40,0
"2023-08-06 13:14",0,72,17.61,39.56,41,0
"2023-08-06 13:19",2.57,22,17.72,40.35,42,0
"2023-08-06 13:24",0,65,17.89,41.23,43,0
"2023-08-06 13:29",0,97,17.61,40.78,43,0
"2023-08-06 13:34",0,113,16.61,39.16,43,0
"2023-08-06 13:39",0,351,16.78,39.43,43,0
"2023-08-06 13:44",0,37,17.5,39.99,42,0
"2023-08-06 13:49",1.77,34,17,40.38,44,0
"2023-08-06 13:54",0,50,17.89,39.37,40,0
"2023-08-06 14:04",0,269,18.11,39.73,40,0
"2023-08-06 14:09",1.77,324,18.89,38.98,37,0
"2023-08-06 14:14",0,37,18.11,39.08,39,0
"2023-08-06 14:19",0,13,17.5,38.1,39,0
"2023-08-06 14:24",2.57,54,17.61,37.61,38,0
"2023-08-06 14:29",0,336,18.39,37.48,36,0
"2023-08-06 14:34",2.09,14,17,37.94,40,0
"2023-08-06 14:39",0,24,16.89,37.12,39,0
"2023-08-06 14:44",0,40,17.5,37.44,38,0
"2023-08-06 14:49",1.77,53,18.22,36.5,35,0
"2023-08-06 14:54",2.09,70,18.5,36.94,35,0
"2023-08-06 15:04",2.9,47,18.28,36.59,35,0
"2023-08-06 15:09",0,78,18.5,35.46,33,0
"2023-08-06 15:14",0,83,19.22,35.82,32,0
"2023-08-06 15:19",0,60,18.61,36.38,34,0
"2023-08-06 15:24",0,39,16.5,35.83,38,0
"2023-08-06 15:29",0,122,16,36.33,40,0
"2023-08-06 15:34",2.9,138,15.5,35.52,40,0
"2023-08-06 15:39",2.09,76,15.28,33.88,38,0
"2023-08-06 15:44",0,62,15.28,36.39,42,0
"2023-08-06 15:49",2.57,48,15.39,35.96,41,0
"2023-08-06 15:54",0,65,15,37.69,45,0
"2023-08-06 15:59",0,73,14.78,36.17,43,0
"2023-08-06 16:04",2.09,82,14.61,35.9,43,0
"2023-08-06 16:09",2.9,106,14.72,36.67,44,0
"2023-08-06 16:14",2.09,55,14.5,37.98,47,0
"2023-08-06 16:19",0,42,14.22,37.52,47,0
"2023-08-06 16:24",1.77,54,14,38.73,50,0
"2023-08-06 16:29",2.57,47,14.22,38.58,49,0
"2023-08-06 16:34",2.09,73,14,37.69,48,0
"2023-08-06 16:39",0,38,13.78,37.85,49,0
"2023-08-06 16:44",1.77,42,13.72,38.27,50,0
"2023-08-06 16:49",2.09,178,13.22,36.93,49,0
"2023-08-06 16:54",0,53,13,37.58,51,0
"2023-08-06 17:04",2.09,44,12.39,37.05,52,0
"2023-08-06 17:09",2.09,48,12.61,35.92,49,0
"2023-08-06 17:14",2.09,60,12.61,36.43,50,0
"2023-08-06 17:19",2.09,77,12.39,36.06,50,0
"2023-08-06 17:24",1.77,172,11.72,35.94,52,0
"2023-08-06 17:29",0,205,11.61,36.24,53,0
"2023-08-06 17:34",2.09,73,11.78,36.04,52,0
"2023-08-06 17:39",0,229,11.78,34.02,48,0
"2023-08-06 17:44",2.57,46,11.72,36.42,53,0
"2023-08-06 17:49",1.77,81,11.72,35.94,52,0
"2023-08-06 17:54",2.09,54,11.78,35.55,51,0
"2023-08-06 18:04",2.09,39,11.72,36.42,53,0
"2023-08-06 18:09",0,44,11.5,36.05,53,0
"2023-08-06 18:14",2.09,35,11.39,36.8,55,0
"2023-08-06 18:19",2.9,54,11.22,34.62,51,0
"2023-08-06 18:24",0,60,11.28,35.2,52,0
"2023-08-06 18:29",2.9,50,11.28,35.68,53,0
"2023-08-06 18:34",0,222,11.28,34.72,51,0
"2023-08-06 18:39",4.02,31,11.11,35.4,53,0
"2023-08-06 18:44",2.9,97,11.11,35.4,53,0
"2023-08-06 18:49",2.57,77,11.11,33.94,50,0
"2023-08-06 18:54",2.57,44,10.89,35.97,55,0
"2023-08-06 19:04",3.22,93,11.11,35.4,53,0
"2023-08-06 19:09",8.21,72,11.11,33.94,50,0
"2023-08-06 19:14",7.89,66,11.22,33.11,48,0
"2023-08-06 19:19",4.35,62,11.28,33.2,48,0
"2023-08-06 19:24",0,58,11.39,33.9,49,0
"2023-08-06 19:29",2.57,55,11.28,32.68,47,0
"2023-08-06 19:34",0,78,11.22,33.11,48,0
"2023-08-06 19:39",2.09,72,11.39,33.38,48,0
"2023-08-06 19:44",2.57,88,11.28,31.6,45,0
"2023-08-06 19:49",0,64,11.28,30.48,43,0
"2023-08-06 19:54",2.9,54,11.5,30.84,43,0
"2023-08-06 20:04",4.99,78,11.28,32.14,46,0
"2023-08-06 20:09",4.35,68,11.22,33.11,48,0
"2023-08-06 20:14",4.67,64,11.28,32.68,47,0
"2023-08-06 20:19",3.22,64,11.39,31.22,44,0
"2023-08-06 20:24",2.09,42,11.5,34.08,49,0
"2023-08-06 20:29",0,167,11.61,32.14,45,0
"2023-08-06 20:34",2.9,80,11.61,32.69,46,0
"2023-08-06 20:39",6.12,78,11.5,31.41,44,0
"2023-08-06 20:44",4.67,69,11.78,31.86,44,0
"2023-08-06 20:49",4.02,73,11.61,33.75,48,0
"2023-08-06 20:54",6.12,61,11.72,32.33,45,0
"2023-08-06 20:59",5.79,62,12,33.33,46,0
"2023-08-06 21:04",3.54,69,12.11,30.66,41,0
"2023-08-06 21:09",4.35,68,12,32.78,45,0
"2023-08-06 21:14",4.35,69,12.11,29.43,39,0
"2023-08-06 21:19",0,315,12.22,30.23,40,0
"2023-08-06 21:24",4.67,80,12.22,28.97,38,0
"2023-08-06 21:29",4.67,66,12.5,29.42,38,0
"2023-08-06 21:34",2.57,54,12.61,32.06,42,0
"2023-08-06 21:39",4.02,64,12.39,30.5,40,0
"2023-08-06 21:44",4.35,80,12.72,31.04,40,0
"2023-08-06 21:49",3.54,47,12.72,32.83,43,0
"2023-08-06 21:54",0,77,12.61,27.59,35,0
"2023-08-06 22:04",3.22,64,12.5,24.49,31,0
"2023-08-06 22:09",3.54,58,12.5,23.71,30,0
"2023-08-06 22:14",5.79,67,12.61,28.95,37,0
"2023-08-06 22:19",4.35,66,12.72,27.07,34,0
"2023-08-06 22:24",4.02,60,12.61,25.43,32,0
"2023-08-06 22:29",4.02,68,12.72,27.77,35,0
"2023-08-06 22:34",2.9,66,12.61,25.43,32,0
"2023-08-06 22:39",2.9,66,12.61,26.89,34,0
"2023-08-06 22:44",3.22,99,12.5,23.71,30,0
"2023-08-06 22:49",4.67,63,12.5,24.49,31,0
"2023-08-06 22:54",5.79,68,12.39,25.82,33,0
"2023-08-06 23:04",5.47,55,12.61,26.17,33,0
"2023-08-06 23:09",6.92,63,12.61,26.17,33,0
"2023-08-06 23:14",4.02,60,12.5,29.42,38,0
"2023-08-06 23:19",2.57,64,12.28,25.64,33,0
"2023-08-06 23:24",6.44,75,12.39,23.54,30,0
"2023-08-06 23:29",3.54,65,12.39,25.82,33,0
"2023-08-06 23:34",0,23,12.22,26.27,34,0
"2023-08-06 23:39",4.67,68,12.5,27.42,35,0
"2023-08-06 23:44",5.47,58,12.5,26.71,34,0
"2023-08-06 23:49",7.56,72,12.5,22.91,29,0
"2023-08-06 23:54",6.12,78,12.78,24.15,30,0
"2023-08-07 00:04",4.99,66,12.61,26.17,33,0
"2023-08-07 00:09",4.02,68,12.61,25.43,32,0
"2023-08-07 00:14",2.57,67,12.61,21.39,27,0
"2023-08-07 00:19",4.67,62,12.5,24.49,31,0
"2023-08-07 00:24",3.22,60,12.39,24.32,31,0
"2023-08-07 00:29",4.67,45,12.39,24.32,31,0
"2023-08-07 00:34",5.47,59,12.72,24.84,31,0
"2023-08-07 00:39",6.12,82,12.61,23.89,30,0
"2023-08-07 00:44",4.99,69,12.61,23.08,29,0
"2023-08-07 00:49",4.67,67,12.61,23.08,29,0
"2023-08-07 00:54",4.99,57,12.61,24.67,31,0
"2023-08-07 01:04",4.99,56,12.5,25.25,32,0
"2023-08-07 01:09",5.79,65,12.78,20.76,26,0
"2023-08-07 01:14",3.54,59,12.89,23.51,29,0
"2023-08-07 01:19",1.77,155,12.72,23.25,29,0
"2023-08-07 01:24",9.01,70,12.61,21.39,27,0
"2023-08-07 01:29",5.47,71,12.72,22.42,28,0
"2023-08-07 01:34",2.9,88,12.72,19.75,25,0
"2023-08-07 01:39",4.35,61,12.78,24.93,31,0
"2023-08-07 01:44",6.12,78,12.72,21.56,27,0
"2023-08-07 01:49",6.12,67,12.72,24.84,31,0
"2023-08-07 01:54",6.44,68,13.11,22.16,27,0
"2023-08-07 02:04",5.79,57,12.78,24.15,30,0
"2023-08-07 02:09",5.79,80,13,21.1,26,0
"2023-08-07 02:14",3.54,23,13.28,21.53,26,0
"2023-08-07 02:19",4.35,51,13.39,17.79,22,0
"2023-08-07 02:24",4.67,52,13.61,20.15,24,0
"2023-08-07 02:29",4.35,60,13.72,21.28,25,0
"2023-08-07 02:34",4.02,68,13.61,19.16,23,0
"2023-08-07 02:39",2.9,75,13.22,18.57,23,0
"2023-08-07 02:44",6.92,70,13,20.18,25,0
"2023-08-07 02:49",8.69,69,13.28,16.55,21,0
"2023-08-07 02:54",6.12,69,13.28,17.62,22,0
"2023-08-07 03:04",5.79,64,13.5,17.96,22,0
"2023-08-07 03:09",2.57,76,13.72,16.09,20,0
"2023-08-07 03:14",3.22,79,13.39,16.72,21,0
"2023-08-07 03:19",0,50,13.39,17.79,22,0
"2023-08-07 03:24",3.22,78,13.28,17.62,22,0
"2023-08-07 03:29",2.57,57,13.39,18.82,23,0
"2023-08-07 03:34",4.02,63,13.22,14.18,19,0
"2023-08-07 03:39",2.57,60,13.11,14.01,19,0
"2023-08-07 03:44",4.02,57,12.89,17.04,22,0
"2023-08-07 03:49",5.79,67,12.89,19.05,24,0
"2023-08-07 03:54",3.22,66,13.11,16.3,21,0
"2023-08-07 03:59",5.47,86,12.89,17.04,22,0
"2023-08-07 04:04",7.24,67,13.61,14.75,19,0
"2023-08-07 04:09",4.99,71,13.39,16.72,21,0
"2023-08-07 04:14",4.99,71,13.39,14.42,19,0
"2023-08-07 04:19",4.99,67,13.28,15.43,20,0
"2023-08-07 04:24",4.02,57,13.39,18.82,23,0
"2023-08-07 04:29",5.47,78,13.28,17.62,22,0
"2023-08-07 04:34",3.22,84,13.28,18.65,23,0
"2023-08-07 04:39",3.54,63,13.61,18.13,22,0
"2023-08-07 04:44",3.22,66,13.72,17.22,21,0
"2023-08-07 04:49",7.56,56,13.61,15.93,20,0
"2023-08-07 04:54",4.67,57,13.89,16.34,20,0
"2023-08-07 05:04",4.02,73,13.78,17.3,21,0
"2023-08-07 05:09",4.35,53,14,17.63,21,0
"2023-08-07 05:14",2.57,65,13.72,17.22,21,0
"2023-08-07 05:19",5.47,71,13.39,17.79,22,0
"2023-08-07 05:24",4.35,68,13.72,12.39,17,0
"2023-08-07 05:29",4.67,64,13.78,15,19,0
"2023-08-07 05:34",5.47,54,13.89,18.54,22,0
"2023-08-07 05:39",3.54,58,13.61,15.93,20,0
"2023-08-07 05:44",5.47,51,13.5,17.96,22,0
"2023-08-07 05:49",3.22,53,13.5,14.59,19,0
"2023-08-07 05:54",2.09,41,13.5,13.36,18,0
"2023-08-07 05:59",2.09,62,13.5,18.99,23,0
"2023-08-07 06:04",4.02,57,13.89,13.93,18,0
"2023-08-07 06:09",5.47,58,13.72,20.32,24,0
"2023-08-07 06:14",5.47,63,13.61,18.13,22,0
"2023-08-07 06:19",6.12,77,13.78,13.77,18,0
"2023-08-07 06:24",2.9,66,13.89,12.64,17,0
"2023-08-07 06:29",4.99,80,13.78,11.11,16,0
"2023-08-07 06:34",5.79,65,13.72,13.69,18,0
"2023-08-07 06:39",4.67,57,13.61,15.93,20,0
"2023-08-07 06:44",5.47,67,13.78,11.11,16,0
"2023-08-07 06:49",4.99,54,13.61,15.93,20,0
"2023-08-07 06:54",4.02,66,13.39,14.42,19,0
"2023-08-07 07:04",3.54,63,13.28,15.43,20,0
"2023-08-07 07:09",2.9,61,13.11,12.79,18,0
"2023-08-07 07:14",6.92,85,12.78,13.52,19,0
"2023-08-07 07:19",4.67,13,12.89,15.97,21,0
"2023-08-07 07:24",5.79,65,13.22,12.95,18,0
"2023-08-07 07:29",5.79,60,13.39,13.2,18,0
"2023-08-07 07:34",7.56,85,13.5,14.59,19,0
"2023-08-07 07:39",3.22,75,13.72,13.69,18,0
"2023-08-07 07:44",6.92,58,13.61,14.75,19,0
"2023-08-07 07:49",3.54,75,13.5,18.99,23,0
"2023-08-07 07:54",5.47,60,13.72,19.33,23,0
"2023-08-07 07:59",5.47,62,14,14.1,18,0
"2023-08-07 08:04",5.47,64,13.89,19.58,23,0
"2023-08-07 08:09",4.35,55,14.28,13.21,17,0
"2023-08-07 08:14",5.47,63,14.22,14.42,18,0
"2023-08-07 08:19",5.79,64,13.89,16.34,20,0
"2023-08-07 08:24",2.09,79,13.61,15.93,20,0
"2023-08-07 08:29",5.47,56,13.89,13.93,18,0
"2023-08-07 08:34",0,62,13.89,15.17,19,0
"2023-08-07 08:39",4.99,58,14,17.63,21,0
"2023-08-07 08:44",4.35,68,14.11,16.67,20,0
"2023-08-07 08:49",4.02,73,14.22,15.66,19,0
"2023-08-07 08:54",5.47,67,14.5,18.38,21,0
"2023-08-07 08:59",7.89,61,15,9.89,14,0
"2023-08-07 09:04",0,41,14.89,16.65,19,0
"2023-08-07 09:09",6.92,68,15,16.81,19,0
"2023-08-07 09:14",1.77,67,14.72,13.86,17,0
"2023-08-07 09:19",8.21,62,15,9.89,14,0
"2023-08-07 09:24",3.22,72,15.39,8.8,13,0
"2023-08-07 09:29",4.35,62,16,12.88,15,0
"2023-08-07 09:34",4.35,56,16.5,17.78,18,0
"2023-08-07 09:39",2.57,41,16.72,16.78,17,0
"2023-08-07 09:44",1.77,93,17.28,11.48,13,0
"2023-08-07 09:49",2.09,59,17.61,10.16,12,0
"2023-08-07 09:54",0,45,18.89,18.53,16,0
"2023-08-07 10:04",2.57,2,17.39,16.36,16,0
"2023-08-07 10:09",4.35,77,17.89,14.02,14,0
"2023-08-07 10:14",3.54,68,16.89,15.63,16,0
"2023-08-07 10:19",2.9,54,16.72,20.56,20,0
"2023-08-07 10:24",0,235,16.78,12.44,14,0
"2023-08-07 10:29",1.77,34,17.11,18.68,18,0
"2023-08-07 10:34",0,150,17,18.51,18,0
"2023-08-07 10:39",2.57,38,17.22,17.51,17,0
"2023-08-07 10:44",0,82,17,15.79,16,0
"2023-08-07 10:49",3.54,87,17.22,14.64,15,0
"2023-08-07 10:54",0,31,17.22,14.64,15,0
"2023-08-07 10:59",4.67,83,17.39,16.36,16,0
"2023-08-07 11:05",2.9,45,17.72,8.38,11,0
"2023-08-07 11:09",1.77,88,18.22,14.5,14,0
"2023-08-07 11:14",1.77,44,18.5,13.21,13,0
"2023-08-07 11:19",4.02,98,18.61,16.64,15,0
"2023-08-07 11:24",4.35,63,18.61,7.51,10,0
"2023-08-07 11:29",0,60,19,17.2,15,0
"2023-08-07 11:34",0,50,19.72,11.16,11,0
"2023-08-07 11:39",0,72,20.61,14.37,12,0
"2023-08-07 11:44",2.09,32,21,16.75,13,0
"2023-08-07 11:49",0,256,21,5.86,8,0
"2023-08-07 11:54",0,205,21.28,6.23,8,0
"2023-08-07 12:04",0,42,21.11,15.07,12,0
"2023-08-07 12:09",2.09,13,21.22,18.78,14,0
"2023-08-07 12:14",0,50,22,16.31,12,0
"2023-08-07 12:19",0,66,22.5,15.02,11,0
"2023-08-07 12:24",0,0,22.78,15.4,11,0
"2023-08-07 12:29",0,52,23.39,14.07,10,0
"2023-08-07 12:34",0,11,23.39,16.25,11,0
"2023-08-07 12:40",1.77,28,23.39,20.12,13,0
"2023-08-07 12:45",2.09,301,22.39,23.6,16,0
"2023-08-07 12:50",2.57,110,21.72,15.92,12,0
"2023-08-07 12:55",1.77,354,22,19.89,14,0
"2023-08-07 13:05",1.77,5,22.61,19.02,13,0
"2023-08-07 13:10",0,309,22.5,18.87,13,0
"2023-08-07 13:14",0,37,22.72,19.18,13,0
"2023-08-07 13:19",1.77,8,22.5,22.23,15,0
"2023-08-07 13:24",0,359,22.89,21.15,14,0
"2023-08-07 13:29",0,113,22.22,18.48,13,0
"2023-08-07 13:34",0,64,21.5,20.79,15,0
"2023-08-07 13:39",0,326,21.61,22.47,16,0
"2023-08-07 13:44",0,69,21.11,21.75,16,0
"2023-08-07 13:49",0,61,21.22,20.39,15,0
"2023-08-07 13:54",4.02,117,19.89,18.48,15,0
"2023-08-07 14:04",0,21,18.39,23.04,20,0
"2023-08-07 14:09",0,33,19,21.45,18,0
"2023-08-07 14:14",1.77,53,18.78,18.37,16,0
"2023-08-07 14:19",2.57,47,19.28,19.1,16,0
"2023-08-07 14:24",2.09,55,19.39,19.26,16,0
"2023-08-07 14:29",1.77,95,19.28,17.6,15,0
"2023-08-07 14:34",2.09,41,19.28,20.51,17,0
"2023-08-07 14:39",1.77,121,18.89,18.53,16,0
"2023-08-07 14:44",11.59,139,18.22,16.08,15,0
"2023-08-07 14:49",7.89,158,17.61,16.68,16,0
"2023-08-07 14:54",0,58,17.78,20.92,19,0
"2023-08-07 15:04",3.54,41,17.89,19.82,18,0
"2023-08-07 15:09",2.09,52,18.28,19.05,17,0
"2023-08-07 15:14",1.77,47,18.89,21.29,18,0
"2023-08-07 15:19",2.09,53,18.89,21.29,18,0
"2023-08-07 15:24",0,68,18.72,23.54,20,0
"2023-08-07 15:29",2.09,94,18.39,23.04,20,0
"2023-08-07 15:34",0,123,17.78,25.46,23,0
"2023-08-07 15:39",4.02,100,17,20.98,20,0
"2023-08-07 15:44",2.9,109,17.22,20.1,19,0
"2023-08-07 15:49",10.14,306,16.61,22.64,22,0
"2023-08-07 15:54",2.9,50,16.78,21.79,21,0
"2023-08-07 15:59",0,341,17.28,24.71,23,0
"2023-08-07 16:04",0,92,17.5,25.04,23,0
"2023-08-07 16:09",2.57,81,17.39,24.88,23,0
"2023-08-07 16:14",2.9,64,16.61,25.7,25,0
"2023-08-07 16:19",11.1,157,16.11,24.93,25,0
"2023-08-07 16:24",2.09,61,15,25.07,27,0
"2023-08-07 16:29",3.54,89,14.78,25.6,28,0
"2023-08-07 16:34",4.35,72,15.22,25.42,27,0
"2023-08-07 16:39",2.09,86,15.28,24.6,26,0
"2023-08-07 16:44",0,288,15.28,27.23,29,0
"2023-08-07 16:49",0,115,15.22,27.14,29,0
"2023-08-07 16:54",2.9,101,14.39,26.66,30,0
"2023-08-07 17:04",3.22,67,14.39,26.66,30,0
"2023-08-07 17:09",2.9,48,14.39,25.84,29,0
"2023-08-07 17:14",2.09,319,14.22,27.19,31,0
"2023-08-07 17:19",2.57,339,14.39,27.45,31,0
"2023-08-07 17:24",0,357,14.5,26.83,30,0
"2023-08-07 17:29",3.54,47,14.78,26.45,29,0
"2023-08-07 17:34",2.09,331,15.11,23.41,25,0
"2023-08-07 17:39",0,143,15.5,24.94,26,0
"2023-08-07 17:44",2.57,167,14.89,24.9,27,0
"2023-08-07 17:49",7.56,69,14.89,24.9,27,0
"2023-08-07 17:54",9.01,20,15.11,23.41,25,0
